firstSeen	indlaesningsId	zipUrl	member	sha256	bytes
2026-09-27T14:22:20.666Z	AZ_R56dxjSm-kNF9InL1	http://regnskaber.virk.dk/09765242/amNsb3VkczovLzAzLzdjL2FiLzM2L2RmLzYxMDktNGI1Ny04NmZhLTZkYzdkMDAxMDkyMQ.zip	NOVO-2026-06-30-1-en/xbrl.novonordisk.com/2026-06-30/NOVO-2026-06-30_cal.xml	f9b4cdf3be5f936ad83621abe4e43ae5df2be74efdf94b34e189c1e23a58b5b1	50410
2026-09-27T14:22:20.666Z	AZ_R56dxjSm-kNF9InL1	http://regnskaber.virk.dk/09765242/amNsb3VkczovLzAzLzdjL2FiLzM2L2RmLzYxMDktNGI1Ny04NmZhLTZkYzdkMDAxMDkyMQ.zip	NOVO-2026-06-30-1-en/xbrl.novonordisk.com/2026-06-30/NOVO-2026-06-30_def.xml	c4da8e7e94082899590c3f6df47613e22d440b428e16d0ad1a39fdf702be0a9a	78553
2026-09-27T14:22:20.666Z	AZ_R56dxjSm-kNF9InL1	http://regnskaber.virk.dk/09765242/amNsb3VkczovLzAzLzdjL2FiLzM2L2RmLzYxMDktNGI1Ny04NmZhLTZkYzdkMDAxMDkyMQ.zip	NOVO-2026-06-30-1-en/xbrl.novonordisk.com/2026-06-30/NOVO-2026-06-30_pre.xml	f22d1e6873dfb67d9aaa34386fbf04e697a820d52dfaaa77e1832719f7ed1e94	78505
2026-09-27T14:22:20.666Z	AZ_R56dxjSm-kNF9InL1	http://regnskaber.virk.dk/09765242/amNsb3VkczovLzAzLzdjL2FiLzM2L2RmLzYxMDktNGI1Ny04NmZhLTZkYzdkMDAxMDkyMQ.zip	NOVO-2026-06-30-1-en/xbrl.novonordisk.com/2026-06-30/NOVO-2026-06-30_lab-en.xml	02fed6a00615ee3620276ba208c419ea9bd6a4c84046342dcb2d1eddc8275633	15239
2026-09-27T14:22:20.666Z	AZ_R56dxjSm-kNF9InL1	http://regnskaber.virk.dk/09765242/amNsb3VkczovLzAzLzdjL2FiLzM2L2RmLzYxMDktNGI1Ny04NmZhLTZkYzdkMDAxMDkyMQ.zip	NOVO-2026-06-30-1-en/xbrl.novonordisk.com/2026-06-30/NOVO-2026-06-30_ref.xml	14359947e68fb7ff5bf6705b791f6f7fbb7eb1eae6dc19b0d78d6e7672e2a5ef	414
2026-09-27T14:22:20.666Z	AZ_R56dxjSm-kNF9InL1	http://regnskaber.virk.dk/09765242/amNsb3VkczovLzAzLzdjL2FiLzM2L2RmLzYxMDktNGI1Ny04NmZhLTZkYzdkMDAxMDkyMQ.zip	NOVO-2026-06-30-1-en/xbrl.novonordisk.com/2026-06-30/NOVO-2026-06-30.xsd	e7d4c8cdb6c0c68acfadfe47e6c98230e8c9a1fd38c9fab5dd437701a8e9cade	7533
2026-09-27T14:22:20.666Z	AZ_R56dxjSm-kNF9InL1	http://regnskaber.virk.dk/09765242/amNsb3VkczovLzAzLzdjL2FiLzM2L2RmLzYxMDktNGI1Ny04NmZhLTZkYzdkMDAxMDkyMQ.zip	NOVO-2026-06-30-1-en/META-INF/catalog.xml	3dc45afc231886521792c143aa2850294d0dba3db9539cc976e77dc20c3fdb0e	381
2026-09-27T14:22:20.666Z	AZ_R56dxjSm-kNF9InL1	http://regnskaber.virk.dk/09765242/amNsb3VkczovLzAzLzdjL2FiLzM2L2RmLzYxMDktNGI1Ny04NmZhLTZkYzdkMDAxMDkyMQ.zip	NOVO-2026-06-30-1-en/META-INF/taxonomyPackage.xml	d6f48699416aced47fe2bcc9e369d8ba9b019deff771b09e2aec066bf9e5c97e	1327
2026-09-27T14:22:20.666Z	AZ39BRhXj8aC70Yy7kb3	http://regnskaber.virk.dk/09765242/amNsb3VkczovLzAzLzkyL2Q3LzFiLzlmLzBkNzItNGUzNy04M2FhLTBjYmZlMmI2Zjc2OQ.zip	NOVO-2026-03-31-1-en/xbrl.novonordisk.com/2026-03-31/NOVO-2026-03-31_cal.xml	f2ac53376bb1940900d22621bb1d1a728608a00026e25ff6f9f0ef206cdbd9ca	50846
2026-09-27T14:22:20.666Z	AZ39BRhXj8aC70Yy7kb3	http://regnskaber.virk.dk/09765242/amNsb3VkczovLzAzLzkyL2Q3LzFiLzlmLzBkNzItNGUzNy04M2FhLTBjYmZlMmI2Zjc2OQ.zip	NOVO-2026-03-31-1-en/xbrl.novonordisk.com/2026-03-31/NOVO-2026-03-31_def.xml	a8e3b6e9e555fda085dc7176c2a2223b3d3a3f353de87f2c67710b44020b01ca	80480
2026-09-27T14:22:20.666Z	AZ39BRhXj8aC70Yy7kb3	http://regnskaber.virk.dk/09765242/amNsb3VkczovLzAzLzkyL2Q3LzFiLzlmLzBkNzItNGUzNy04M2FhLTBjYmZlMmI2Zjc2OQ.zip	NOVO-2026-03-31-1-en/xbrl.novonordisk.com/2026-03-31/NOVO-2026-03-31_pre.xml	b6c858129bcd05e120090383c1ae3174517d43baa727ae39c44b871965c2ef8a	79001
2026-09-27T14:22:20.666Z	AZ39BRhXj8aC70Yy7kb3	http://regnskaber.virk.dk/09765242/amNsb3VkczovLzAzLzkyL2Q3LzFiLzlmLzBkNzItNGUzNy04M2FhLTBjYmZlMmI2Zjc2OQ.zip	NOVO-2026-03-31-1-en/xbrl.novonordisk.com/2026-03-31/NOVO-2026-03-31_lab-en.xml	b97bf9a6d8c41919abc22e382ba24c12e964fc671fb3aedcb3b5b455c2567e06	16976
2026-09-27T14:22:20.666Z	AZ39BRhXj8aC70Yy7kb3	http://regnskaber.virk.dk/09765242/amNsb3VkczovLzAzLzkyL2Q3LzFiLzlmLzBkNzItNGUzNy04M2FhLTBjYmZlMmI2Zjc2OQ.zip	NOVO-2026-03-31-1-en/xbrl.novonordisk.com/2026-03-31/NOVO-2026-03-31_ref.xml	14359947e68fb7ff5bf6705b791f6f7fbb7eb1eae6dc19b0d78d6e7672e2a5ef	414
2026-09-27T14:22:20.666Z	AZ39BRhXj8aC70Yy7kb3	http://regnskaber.virk.dk/09765242/amNsb3VkczovLzAzLzkyL2Q3LzFiLzlmLzBkNzItNGUzNy04M2FhLTBjYmZlMmI2Zjc2OQ.zip	NOVO-2026-03-31-1-en/xbrl.novonordisk.com/2026-03-31/NOVO-2026-03-31.xsd	9f832fbffff69194ffd09737615249d377181ad30210878b591c50250d4a3e32	8033
2026-09-27T14:22:20.666Z	AZ39BRhXj8aC70Yy7kb3	http://regnskaber.virk.dk/09765242/amNsb3VkczovLzAzLzkyL2Q3LzFiLzlmLzBkNzItNGUzNy04M2FhLTBjYmZlMmI2Zjc2OQ.zip	NOVO-2026-03-31-1-en/META-INF/catalog.xml	30d4e3470c425d44b9af0eade0030786bdaf033e9e4fa3d201c7416103aed359	381
2026-09-27T14:22:20.666Z	AZ39BRhXj8aC70Yy7kb3	http://regnskaber.virk.dk/09765242/amNsb3VkczovLzAzLzkyL2Q3LzFiLzlmLzBkNzItNGUzNy04M2FhLTBjYmZlMmI2Zjc2OQ.zip	NOVO-2026-03-31-1-en/META-INF/taxonomyPackage.xml	8965901153f9af448bbf1093143d97cb96ae22fcd73b4f4e691b2102177b0ae5	1327
2026-09-27T14:22:20.666Z	AZ0vYoZIucE85rkol3Pf	http://regnskaber.virk.dk/09765242/amNsb3VkczovLzAzLzQ1L2QzLzRiLzg3LzhmMjAtNDc3ZS05YTFlLTFhZjE2NDQ0ZmEwOA.zip	NOVO-2025-12-31-1-en/xbrl.novonordisk.com/2025-12-31/NOVO-2025-12-31_cal.xml	e37bddc673594e2e4d037a854c0d9ab65bfc445fcbf6665ed6b1bed5a916520f	52121
2026-09-27T14:22:20.666Z	AZ0vYoZIucE85rkol3Pf	http://regnskaber.virk.dk/09765242/amNsb3VkczovLzAzLzQ1L2QzLzRiLzg3LzhmMjAtNDc3ZS05YTFlLTFhZjE2NDQ0ZmEwOA.zip	NOVO-2025-12-31-1-en/xbrl.novonordisk.com/2025-12-31/NOVO-2025-12-31_def.xml	f8b64cc5c821b6fa75985339c335944c81480666d72a6d7e29a5fc39ed6e5739	147499
2026-09-27T14:22:20.666Z	AZ0vYoZIucE85rkol3Pf	http://regnskaber.virk.dk/09765242/amNsb3VkczovLzAzLzQ1L2QzLzRiLzg3LzhmMjAtNDc3ZS05YTFlLTFhZjE2NDQ0ZmEwOA.zip	NOVO-2025-12-31-1-en/xbrl.novonordisk.com/2025-12-31/NOVO-2025-12-31_pre.xml	cd23c23c38a29a7273d265828743395a1bb67440ee4d253fd1cb83a8672791bb	152733
2026-09-27T14:22:20.666Z	AZ0vYoZIucE85rkol3Pf	http://regnskaber.virk.dk/09765242/amNsb3VkczovLzAzLzQ1L2QzLzRiLzg3LzhmMjAtNDc3ZS05YTFlLTFhZjE2NDQ0ZmEwOA.zip	NOVO-2025-12-31-1-en/xbrl.novonordisk.com/2025-12-31/NOVO-2025-12-31_lab-en.xml	eb452052835493ebd3fdcc0a7034c5ba5155146ea0c4a3d80d0d65563cd40eb8	17424
2026-09-27T14:22:20.666Z	AZ0vYoZIucE85rkol3Pf	http://regnskaber.virk.dk/09765242/amNsb3VkczovLzAzLzQ1L2QzLzRiLzg3LzhmMjAtNDc3ZS05YTFlLTFhZjE2NDQ0ZmEwOA.zip	NOVO-2025-12-31-1-en/xbrl.novonordisk.com/2025-12-31/NOVO-2025-12-31_ref.xml	14359947e68fb7ff5bf6705b791f6f7fbb7eb1eae6dc19b0d78d6e7672e2a5ef	414
2026-09-27T14:22:20.666Z	AZ0vYoZIucE85rkol3Pf	http://regnskaber.virk.dk/09765242/amNsb3VkczovLzAzLzQ1L2QzLzRiLzg3LzhmMjAtNDc3ZS05YTFlLTFhZjE2NDQ0ZmEwOA.zip	NOVO-2025-12-31-1-en/xbrl.novonordisk.com/2025-12-31/NOVO-2025-12-31.xsd	83d78fc93862340d661fb6034e92da65d310b9d02e631db79405ba02ee997824	8121
2026-09-27T14:22:20.666Z	AZ0vYoZIucE85rkol3Pf	http://regnskaber.virk.dk/09765242/amNsb3VkczovLzAzLzQ1L2QzLzRiLzg3LzhmMjAtNDc3ZS05YTFlLTFhZjE2NDQ0ZmEwOA.zip	NOVO-2025-12-31-1-en/META-INF/catalog.xml	482e5ab0a8e64747e035a139ceda6d37674782f663e5f6c1758b780983e79eb1	381
2026-09-27T14:22:20.666Z	AZ0vYoZIucE85rkol3Pf	http://regnskaber.virk.dk/09765242/amNsb3VkczovLzAzLzQ1L2QzLzRiLzg3LzhmMjAtNDc3ZS05YTFlLTFhZjE2NDQ0ZmEwOA.zip	NOVO-2025-12-31-1-en/META-INF/taxonomyPackage.xml	3bfbc405c33fda0e224a127ed8e9e341830eee0bfcf1f5bba81759c901f5307e	1327
2026-09-27T14:22:20.666Z	AZpUhGXcOSWO8eYIldru	http://regnskaber.virk.dk/09765242/amNsb3VkczovLzAzLzliLzI5Lzk2LzlkLzkwYzUtNDRlOS05NDhkLWI4ODJjYjUxMTMxYg.zip	NOVO-2025-09-30-en/xbrl.novonordisk.com/2025-09-30/NOVO-2025-09-30_cal.xml	1e2919ca2495bbedc55d71d5abfb43758af2982e4e52713b29dccd2103f7599d	50360
2026-09-27T14:22:20.666Z	AZpUhGXcOSWO8eYIldru	http://regnskaber.virk.dk/09765242/amNsb3VkczovLzAzLzliLzI5Lzk2LzlkLzkwYzUtNDRlOS05NDhkLWI4ODJjYjUxMTMxYg.zip	NOVO-2025-09-30-en/xbrl.novonordisk.com/2025-09-30/NOVO-2025-09-30_def.xml	53b8c66675f578fc33596261d5321a0554960fe10e2f34fca59f3533f7a9af62	76931
2026-09-27T14:22:20.666Z	AZpUhGXcOSWO8eYIldru	http://regnskaber.virk.dk/09765242/amNsb3VkczovLzAzLzliLzI5Lzk2LzlkLzkwYzUtNDRlOS05NDhkLWI4ODJjYjUxMTMxYg.zip	NOVO-2025-09-30-en/xbrl.novonordisk.com/2025-09-30/NOVO-2025-09-30_pre.xml	15512b128230f7d03066858a2f138a2fca3a07b9174b8fd876ae41f9e4c86535	78851
2026-09-27T14:22:20.666Z	AZpUhGXcOSWO8eYIldru	http://regnskaber.virk.dk/09765242/amNsb3VkczovLzAzLzliLzI5Lzk2LzlkLzkwYzUtNDRlOS05NDhkLWI4ODJjYjUxMTMxYg.zip	NOVO-2025-09-30-en/xbrl.novonordisk.com/2025-09-30/NOVO-2025-09-30_lab-en.xml	30768d8d74a90d0ae36c27679a91601390a29e1526e3a7f2d85bf3078f345edf	13163
2026-09-27T14:22:20.666Z	AZpUhGXcOSWO8eYIldru	http://regnskaber.virk.dk/09765242/amNsb3VkczovLzAzLzliLzI5Lzk2LzlkLzkwYzUtNDRlOS05NDhkLWI4ODJjYjUxMTMxYg.zip	NOVO-2025-09-30-en/xbrl.novonordisk.com/2025-09-30/NOVO-2025-09-30_ref.xml	14359947e68fb7ff5bf6705b791f6f7fbb7eb1eae6dc19b0d78d6e7672e2a5ef	414
2026-09-27T14:22:20.666Z	AZpUhGXcOSWO8eYIldru	http://regnskaber.virk.dk/09765242/amNsb3VkczovLzAzLzliLzI5Lzk2LzlkLzkwYzUtNDRlOS05NDhkLWI4ODJjYjUxMTMxYg.zip	NOVO-2025-09-30-en/xbrl.novonordisk.com/2025-09-30/NOVO-2025-09-30.xsd	071380656c68bfc1610d1e240bcff2d4850bb3e003528ef1871d17b049dc04f9	6969
2026-09-27T14:22:20.666Z	AZpUhGXcOSWO8eYIldru	http://regnskaber.virk.dk/09765242/amNsb3VkczovLzAzLzliLzI5Lzk2LzlkLzkwYzUtNDRlOS05NDhkLWI4ODJjYjUxMTMxYg.zip	NOVO-2025-09-30-en/META-INF/catalog.xml	c08a56e028c4090bf70a73f2be86a73151f26423556d8d031992faf1499bf6a0	381
2026-09-27T14:22:20.666Z	AZpUhGXcOSWO8eYIldru	http://regnskaber.virk.dk/09765242/amNsb3VkczovLzAzLzliLzI5Lzk2LzlkLzkwYzUtNDRlOS05NDhkLWI4ODJjYjUxMTMxYg.zip	NOVO-2025-09-30-en/META-INF/taxonomyPackage.xml	5235dc19b313af8115f89f5e01e5fd1425d33ae7bb574f523b974c6e3ab0ce9a	1327
2026-09-27T14:22:20.666Z	AZh_PMy-z1Zv1nb4vzLb	http://regnskaber.virk.dk/09765242/amNsb3VkczovLzAzL2JhLzI2LzBhLzkxLzRlMDAtNGQyZC04Njg1LTI5YWY0MDUwN2NiYg.zip	NOVO-2025-06-30-0-en/xbrl.novonordisk.com/2025-06-30/NOVO-2025-06-30_cal.xml	d48881edbb475a2f1caef7c52b44a51bc2341cbf76a15bc3fb5dc93f3002a741	48798
2026-09-27T14:22:20.666Z	AZh_PMy-z1Zv1nb4vzLb	http://regnskaber.virk.dk/09765242/amNsb3VkczovLzAzL2JhLzI2LzBhLzkxLzRlMDAtNGQyZC04Njg1LTI5YWY0MDUwN2NiYg.zip	NOVO-2025-06-30-0-en/xbrl.novonordisk.com/2025-06-30/NOVO-2025-06-30_def.xml	a99a2ca5098576b75800674cb9f900d473408c1c5460b30c9bb6db4b5198e3e2	74611
2026-09-27T14:22:20.666Z	AZh_PMy-z1Zv1nb4vzLb	http://regnskaber.virk.dk/09765242/amNsb3VkczovLzAzL2JhLzI2LzBhLzkxLzRlMDAtNGQyZC04Njg1LTI5YWY0MDUwN2NiYg.zip	NOVO-2025-06-30-0-en/xbrl.novonordisk.com/2025-06-30/NOVO-2025-06-30_pre.xml	a9ee11bf8a2b5f5cb34d1255b3a2c26442e90888fd5fdc556b2182f5b4281bbe	77173
2026-09-27T14:22:20.666Z	AZh_PMy-z1Zv1nb4vzLb	http://regnskaber.virk.dk/09765242/amNsb3VkczovLzAzL2JhLzI2LzBhLzkxLzRlMDAtNGQyZC04Njg1LTI5YWY0MDUwN2NiYg.zip	NOVO-2025-06-30-0-en/xbrl.novonordisk.com/2025-06-30/NOVO-2025-06-30_lab-en.xml	9f427f5c43d6a1408a64c54ff04b0a4b7150aa85d6b8154b088d3d5aa57dc34c	11938
2026-09-27T14:22:20.666Z	AZh_PMy-z1Zv1nb4vzLb	http://regnskaber.virk.dk/09765242/amNsb3VkczovLzAzL2JhLzI2LzBhLzkxLzRlMDAtNGQyZC04Njg1LTI5YWY0MDUwN2NiYg.zip	NOVO-2025-06-30-0-en/xbrl.novonordisk.com/2025-06-30/NOVO-2025-06-30_ref.xml	14359947e68fb7ff5bf6705b791f6f7fbb7eb1eae6dc19b0d78d6e7672e2a5ef	414
2026-09-27T14:22:20.666Z	AZh_PMy-z1Zv1nb4vzLb	http://regnskaber.virk.dk/09765242/amNsb3VkczovLzAzL2JhLzI2LzBhLzkxLzRlMDAtNGQyZC04Njg1LTI5YWY0MDUwN2NiYg.zip	NOVO-2025-06-30-0-en/xbrl.novonordisk.com/2025-06-30/NOVO-2025-06-30.xsd	4cdb9894682aef0c7254ef7ab8cdcd4ce65f45e205382423e05964de13d2b466	6650
2026-09-27T14:22:20.666Z	AZh_PMy-z1Zv1nb4vzLb	http://regnskaber.virk.dk/09765242/amNsb3VkczovLzAzL2JhLzI2LzBhLzkxLzRlMDAtNGQyZC04Njg1LTI5YWY0MDUwN2NiYg.zip	NOVO-2025-06-30-0-en/META-INF/catalog.xml	97167fac9af62521eb3ce67bebd4fbf9db9dad9a0b6147e2cb0ec0cd21360d1f	381
2026-09-27T14:22:20.666Z	AZh_PMy-z1Zv1nb4vzLb	http://regnskaber.virk.dk/09765242/amNsb3VkczovLzAzL2JhLzI2LzBhLzkxLzRlMDAtNGQyZC04Njg1LTI5YWY0MDUwN2NiYg.zip	NOVO-2025-06-30-0-en/META-INF/taxonomyPackage.xml	4df0dc91031afa6eac942a389c28777d4e0e099f737183230d05f0acabaf326e	1327
2026-09-27T14:22:20.666Z	AZaqta4RfJ1SIbJrnyWI	http://regnskaber.virk.dk/09765242/amNsb3VkczovLzAzLzI5LzkwLzg5LzA1LzUyNGMtNDI3ZC1iZGY4LWU2M2U2MjUwMDM2ZQ.zip	NOVO-2025-03-31-en/xbrl.novonordisk.com/2025-03-31/NOVO-2025-03-31_cal.xml	6c78b1c906fbeaf3939bb1ae4c34091398743c9efe6873ba032ed6e9a9aeb3a7	48875
2026-09-27T14:22:20.666Z	AZaqta4RfJ1SIbJrnyWI	http://regnskaber.virk.dk/09765242/amNsb3VkczovLzAzLzI5LzkwLzg5LzA1LzUyNGMtNDI3ZC1iZGY4LWU2M2U2MjUwMDM2ZQ.zip	NOVO-2025-03-31-en/xbrl.novonordisk.com/2025-03-31/NOVO-2025-03-31_def.xml	f09374fe68315e49f5f607d64821ca9cdd2e2afbbbff0048afcee285eb483325	76105
2026-09-27T14:22:20.666Z	AZaqta4RfJ1SIbJrnyWI	http://regnskaber.virk.dk/09765242/amNsb3VkczovLzAzLzI5LzkwLzg5LzA1LzUyNGMtNDI3ZC1iZGY4LWU2M2U2MjUwMDM2ZQ.zip	NOVO-2025-03-31-en/xbrl.novonordisk.com/2025-03-31/NOVO-2025-03-31_pre.xml	504faf97d102c549358fceb75f8a17515f2ac9a174204035a994b4a0a8718848	76723
2026-09-27T14:22:20.666Z	AZaqta4RfJ1SIbJrnyWI	http://regnskaber.virk.dk/09765242/amNsb3VkczovLzAzLzI5LzkwLzg5LzA1LzUyNGMtNDI3ZC1iZGY4LWU2M2U2MjUwMDM2ZQ.zip	NOVO-2025-03-31-en/xbrl.novonordisk.com/2025-03-31/NOVO-2025-03-31_lab-en.xml	c08ae8de54664ac2c562c109bf8271b2642779875e5a68ec1cf61b09fb6a512b	14258
2026-09-27T14:22:20.666Z	AZaqta4RfJ1SIbJrnyWI	http://regnskaber.virk.dk/09765242/amNsb3VkczovLzAzLzI5LzkwLzg5LzA1LzUyNGMtNDI3ZC1iZGY4LWU2M2U2MjUwMDM2ZQ.zip	NOVO-2025-03-31-en/xbrl.novonordisk.com/2025-03-31/NOVO-2025-03-31_ref.xml	14359947e68fb7ff5bf6705b791f6f7fbb7eb1eae6dc19b0d78d6e7672e2a5ef	414
2026-09-27T14:22:20.666Z	AZaqta4RfJ1SIbJrnyWI	http://regnskaber.virk.dk/09765242/amNsb3VkczovLzAzLzI5LzkwLzg5LzA1LzUyNGMtNDI3ZC1iZGY4LWU2M2U2MjUwMDM2ZQ.zip	NOVO-2025-03-31-en/xbrl.novonordisk.com/2025-03-31/NOVO-2025-03-31.xsd	4bec6d77b14b7826c50ea9fd2c76269eb6b4c80595cca1f45ea31a16efd8b205	7344
2026-09-27T14:22:20.666Z	AZaqta4RfJ1SIbJrnyWI	http://regnskaber.virk.dk/09765242/amNsb3VkczovLzAzLzI5LzkwLzg5LzA1LzUyNGMtNDI3ZC1iZGY4LWU2M2U2MjUwMDM2ZQ.zip	NOVO-2025-03-31-en/META-INF/catalog.xml	90d84dd237c2a9718b3e41ea9138403a97bb32d6ca74b8adc3f9bcba9c5bcae4	381
2026-09-27T14:22:20.666Z	AZaqta4RfJ1SIbJrnyWI	http://regnskaber.virk.dk/09765242/amNsb3VkczovLzAzLzI5LzkwLzg5LzA1LzUyNGMtNDI3ZC1iZGY4LWU2M2U2MjUwMDM2ZQ.zip	NOVO-2025-03-31-en/META-INF/taxonomyPackage.xml	0832273e234e37cc7b0991ee71c4c0e71fb5db439c71df6a4df345fa0aa27545	1327
2026-09-27T14:22:20.666Z	AZXczjbU3Ow5rcFvun17	http://regnskaber.virk.dk/09765242/amNsb3VkczovLzAzLzJmLzFhLzQ0LzMyLzliYWYtNDM4Yy05ZGU4LTAxYWQ1YTk3ZjU4Yw.zip	NOVO-2024-12-31-0-en/xbrl.novonordisk.com/2024-12-31/NOVO-2024-12-31_cal.xml	ac935bdcef602f84043321c0cf8ae8142b4fe14a6552a78f2cad9614627df10c	50328
2026-09-27T14:22:20.666Z	AZXczjbU3Ow5rcFvun17	http://regnskaber.virk.dk/09765242/amNsb3VkczovLzAzLzJmLzFhLzQ0LzMyLzliYWYtNDM4Yy05ZGU4LTAxYWQ1YTk3ZjU4Yw.zip	NOVO-2024-12-31-0-en/xbrl.novonordisk.com/2024-12-31/NOVO-2024-12-31_def.xml	ef946fddffdebc343fa676962ae607f20b8c5565ff450f3b91577750fce4b52b	144816
2026-09-27T14:22:20.666Z	AZXczjbU3Ow5rcFvun17	http://regnskaber.virk.dk/09765242/amNsb3VkczovLzAzLzJmLzFhLzQ0LzMyLzliYWYtNDM4Yy05ZGU4LTAxYWQ1YTk3ZjU4Yw.zip	NOVO-2024-12-31-0-en/xbrl.novonordisk.com/2024-12-31/NOVO-2024-12-31_pre.xml	64cab32c97205a3976eac3deed56bbf37f1cf27f12350b859847e2dd8f9cd8e6	151179
2026-09-27T14:22:20.666Z	AZXczjbU3Ow5rcFvun17	http://regnskaber.virk.dk/09765242/amNsb3VkczovLzAzLzJmLzFhLzQ0LzMyLzliYWYtNDM4Yy05ZGU4LTAxYWQ1YTk3ZjU4Yw.zip	NOVO-2024-12-31-0-en/xbrl.novonordisk.com/2024-12-31/NOVO-2024-12-31_lab-en.xml	4a410a70b8e263c809e1516ec8e233d408554e5a0502b86932da87ae28f255c9	14288
2026-09-27T14:22:20.666Z	AZXczjbU3Ow5rcFvun17	http://regnskaber.virk.dk/09765242/amNsb3VkczovLzAzLzJmLzFhLzQ0LzMyLzliYWYtNDM4Yy05ZGU4LTAxYWQ1YTk3ZjU4Yw.zip	NOVO-2024-12-31-0-en/xbrl.novonordisk.com/2024-12-31/NOVO-2024-12-31_ref.xml	14359947e68fb7ff5bf6705b791f6f7fbb7eb1eae6dc19b0d78d6e7672e2a5ef	414
2026-09-27T14:22:20.666Z	AZXczjbU3Ow5rcFvun17	http://regnskaber.virk.dk/09765242/amNsb3VkczovLzAzLzJmLzFhLzQ0LzMyLzliYWYtNDM4Yy05ZGU4LTAxYWQ1YTk3ZjU4Yw.zip	NOVO-2024-12-31-0-en/xbrl.novonordisk.com/2024-12-31/NOVO-2024-12-31.xsd	3a70c0658f160adff3133c37d303bee293a2f3d29038832b7a02bf076137e172	7269
2026-09-27T14:22:20.666Z	AZXczjbU3Ow5rcFvun17	http://regnskaber.virk.dk/09765242/amNsb3VkczovLzAzLzJmLzFhLzQ0LzMyLzliYWYtNDM4Yy05ZGU4LTAxYWQ1YTk3ZjU4Yw.zip	NOVO-2024-12-31-0-en/META-INF/catalog.xml	c534dddd8a6a114dc899daf4851cf87ebba00cea068e7d0528ad9da5758fccd7	381
2026-09-27T14:22:20.666Z	AZXczjbU3Ow5rcFvun17	http://regnskaber.virk.dk/09765242/amNsb3VkczovLzAzLzJmLzFhLzQ0LzMyLzliYWYtNDM4Yy05ZGU4LTAxYWQ1YTk3ZjU4Yw.zip	NOVO-2024-12-31-0-en/META-INF/taxonomyPackage.xml	ac32b8cdc23a9b7da5fb331922c4c2e7127b04e96f6700eb0b0f35330d46aca9	1327
2026-09-27T14:22:20.666Z	AZMBlLm0AWbHv6VBRKoR	http://regnskaber.virk.dk/09765242/amNsb3VkczovLzAzLzg5L2Y1L2MwL2YzLzk0YjUtNGRhYy05OWMyLWIzYzFhMWQ2ZGY2Mw.zip	NOVO-2024-09-30-en/xbrl.novonordisk.com/2024-09-30/NOVO-2024-09-30_cal.xml	b6ba107a905f6e662a9eb3102117d8415b0ac4ae21a970752500ca3fff1b0763	51259
2026-09-27T14:22:20.666Z	AZMBlLm0AWbHv6VBRKoR	http://regnskaber.virk.dk/09765242/amNsb3VkczovLzAzLzg5L2Y1L2MwL2YzLzk0YjUtNGRhYy05OWMyLWIzYzFhMWQ2ZGY2Mw.zip	NOVO-2024-09-30-en/xbrl.novonordisk.com/2024-09-30/NOVO-2024-09-30_def.xml	ed5c5d0489101613d9e5c4dc8bb44242048c20e11af80e7c13e2f849b359afed	73139
2026-09-27T14:22:20.666Z	AZMBlLm0AWbHv6VBRKoR	http://regnskaber.virk.dk/09765242/amNsb3VkczovLzAzLzg5L2Y1L2MwL2YzLzk0YjUtNGRhYy05OWMyLWIzYzFhMWQ2ZGY2Mw.zip	NOVO-2024-09-30-en/xbrl.novonordisk.com/2024-09-30/NOVO-2024-09-30_pre.xml	59802f1081d3c752e1ad9f07eb88e74030c77850dddeb747de0575953bace70e	79790
2026-09-27T14:22:20.666Z	AZMBlLm0AWbHv6VBRKoR	http://regnskaber.virk.dk/09765242/amNsb3VkczovLzAzLzg5L2Y1L2MwL2YzLzk0YjUtNGRhYy05OWMyLWIzYzFhMWQ2ZGY2Mw.zip	NOVO-2024-09-30-en/xbrl.novonordisk.com/2024-09-30/NOVO-2024-09-30_lab-en.xml	a9fe74bfbf330bf6e011cb7c5c79ee867e7d33e5ef10a6472d8f909fad950f6f	9846
2026-09-27T14:22:20.666Z	AZMBlLm0AWbHv6VBRKoR	http://regnskaber.virk.dk/09765242/amNsb3VkczovLzAzLzg5L2Y1L2MwL2YzLzk0YjUtNGRhYy05OWMyLWIzYzFhMWQ2ZGY2Mw.zip	NOVO-2024-09-30-en/xbrl.novonordisk.com/2024-09-30/NOVO-2024-09-30_ref.xml	14359947e68fb7ff5bf6705b791f6f7fbb7eb1eae6dc19b0d78d6e7672e2a5ef	414
2026-09-27T14:22:20.666Z	AZMBlLm0AWbHv6VBRKoR	http://regnskaber.virk.dk/09765242/amNsb3VkczovLzAzLzg5L2Y1L2MwL2YzLzk0YjUtNGRhYy05OWMyLWIzYzFhMWQ2ZGY2Mw.zip	NOVO-2024-09-30-en/xbrl.novonordisk.com/2024-09-30/NOVO-2024-09-30.xsd	4eced9c9a4e37d049cdc7e3fbc47d46dc63f66efedc632509d974329159b95b3	6159
2026-09-27T14:22:20.666Z	AZMBlLm0AWbHv6VBRKoR	http://regnskaber.virk.dk/09765242/amNsb3VkczovLzAzLzg5L2Y1L2MwL2YzLzk0YjUtNGRhYy05OWMyLWIzYzFhMWQ2ZGY2Mw.zip	NOVO-2024-09-30-en/META-INF/catalog.xml	ce218010adce50d80e964238ff54de026ac8b061ec93215f1652d238f214c58e	381
2026-09-27T14:22:20.666Z	AZMBlLm0AWbHv6VBRKoR	http://regnskaber.virk.dk/09765242/amNsb3VkczovLzAzLzg5L2Y1L2MwL2YzLzk0YjUtNGRhYy05OWMyLWIzYzFhMWQ2ZGY2Mw.zip	NOVO-2024-09-30-en/META-INF/taxonomyPackage.xml	3b6d34fb2e55639ed121aa67cc0364aa25407555f7ced1d3e2aa1e2c57f6731c	1327
2026-09-27T14:22:20.666Z	AZEspELJD8wfQJ3Qlp_h	http://regnskaber.virk.dk/09765242/amNsb3VkczovLzAzLzcxL2E3LzZlL2U0LzJkNjgtNGIyNC1iZjQ4LWU3ZDUyZWVlMDc2YQ.zip	NOVO-2024-06-30-en/xbrl.novonordisk.com/2024-06-30/NOVO-2024-06-30_cal.xml	9535da2bb2f7a7f58b633d59e2a2d30076f2d943ae5896b430199656ea573071	49765
2026-09-27T14:22:20.666Z	AZEspELJD8wfQJ3Qlp_h	http://regnskaber.virk.dk/09765242/amNsb3VkczovLzAzLzcxL2E3LzZlL2U0LzJkNjgtNGIyNC1iZjQ4LWU3ZDUyZWVlMDc2YQ.zip	NOVO-2024-06-30-en/xbrl.novonordisk.com/2024-06-30/NOVO-2024-06-30_def.xml	389543edd89f3db105ae1f0d283f41731c257b66175bcec0aaaff2f3ff0e65ae	71645
2026-09-27T14:22:20.666Z	AZEspELJD8wfQJ3Qlp_h	http://regnskaber.virk.dk/09765242/amNsb3VkczovLzAzLzcxL2E3LzZlL2U0LzJkNjgtNGIyNC1iZjQ4LWU3ZDUyZWVlMDc2YQ.zip	NOVO-2024-06-30-en/xbrl.novonordisk.com/2024-06-30/NOVO-2024-06-30_pre.xml	703d08768b518dc76f45a90d08064e7cd6c55ce6f9a4089d4cafd2cffa868d5b	78180
2026-09-27T14:22:20.666Z	AZEspELJD8wfQJ3Qlp_h	http://regnskaber.virk.dk/09765242/amNsb3VkczovLzAzLzcxL2E3LzZlL2U0LzJkNjgtNGIyNC1iZjQ4LWU3ZDUyZWVlMDc2YQ.zip	NOVO-2024-06-30-en/xbrl.novonordisk.com/2024-06-30/NOVO-2024-06-30_lab-en.xml	1f3af8087fbfc7f5b361050d2084ab925d9ae96b8b8d91fcafebaf82ce36c6df	9846
2026-09-27T14:22:20.666Z	AZEspELJD8wfQJ3Qlp_h	http://regnskaber.virk.dk/09765242/amNsb3VkczovLzAzLzcxL2E3LzZlL2U0LzJkNjgtNGIyNC1iZjQ4LWU3ZDUyZWVlMDc2YQ.zip	NOVO-2024-06-30-en/xbrl.novonordisk.com/2024-06-30/NOVO-2024-06-30_ref.xml	14359947e68fb7ff5bf6705b791f6f7fbb7eb1eae6dc19b0d78d6e7672e2a5ef	414
2026-09-27T14:22:20.666Z	AZEspELJD8wfQJ3Qlp_h	http://regnskaber.virk.dk/09765242/amNsb3VkczovLzAzLzcxL2E3LzZlL2U0LzJkNjgtNGIyNC1iZjQ4LWU3ZDUyZWVlMDc2YQ.zip	NOVO-2024-06-30-en/xbrl.novonordisk.com/2024-06-30/NOVO-2024-06-30.xsd	406841930b2b4212e538eeb7feafaadd7730cb86e67596ab5e92270977e92e00	6159
2026-09-27T14:22:20.666Z	AZEspELJD8wfQJ3Qlp_h	http://regnskaber.virk.dk/09765242/amNsb3VkczovLzAzLzcxL2E3LzZlL2U0LzJkNjgtNGIyNC1iZjQ4LWU3ZDUyZWVlMDc2YQ.zip	NOVO-2024-06-30-en/META-INF/catalog.xml	f3ab7ac3610af736501471007598742d8921c6d143be1d1f5aab2b5fa1f215f0	381
2026-09-27T14:22:20.666Z	AZEspELJD8wfQJ3Qlp_h	http://regnskaber.virk.dk/09765242/amNsb3VkczovLzAzLzcxL2E3LzZlL2U0LzJkNjgtNGIyNC1iZjQ4LWU3ZDUyZWVlMDc2YQ.zip	NOVO-2024-06-30-en/META-INF/taxonomyPackage.xml	ffc14d0c10962caac542898a3714a2ecff39e43bfee8e79a6f651b8137f795bb	1327
2026-09-27T14:22:20.666Z	AY85EmjhEml94DvEnkho	http://regnskaber.virk.dk/09765242/amNsb3VkczovLzAzLzJmL2Y2L2IxLzJjLzgzMmMtNDk1Mi1iOGI4LTkwOWMyYzZjNTMzNw.zip	NOVO-2024-03-31-en/xbrl.novonordisk.com/2024-03-31/NOVO-2024-03-31_cal.xml	0f3b4de8030367fdb901e9365413ea2ceb87a3bca2927bca2697e58b2ca95b44	48731
2026-09-27T14:22:20.666Z	AY85EmjhEml94DvEnkho	http://regnskaber.virk.dk/09765242/amNsb3VkczovLzAzLzJmL2Y2L2IxLzJjLzgzMmMtNDk1Mi1iOGI4LTkwOWMyYzZjNTMzNw.zip	NOVO-2024-03-31-en/xbrl.novonordisk.com/2024-03-31/NOVO-2024-03-31_def.xml	6fc7a284155645ca174c7f924a2968c8f47b94dfcb2fd717dbbe85194dcfe49e	71039
2026-09-27T14:22:20.666Z	AY85EmjhEml94DvEnkho	http://regnskaber.virk.dk/09765242/amNsb3VkczovLzAzLzJmL2Y2L2IxLzJjLzgzMmMtNDk1Mi1iOGI4LTkwOWMyYzZjNTMzNw.zip	NOVO-2024-03-31-en/xbrl.novonordisk.com/2024-03-31/NOVO-2024-03-31_pre.xml	74123db231f2eb2298e7e3b7807015f74c5bf914b222f5ba7d13bb55a3fd841c	76504
2026-09-27T14:22:20.666Z	AY85EmjhEml94DvEnkho	http://regnskaber.virk.dk/09765242/amNsb3VkczovLzAzLzJmL2Y2L2IxLzJjLzgzMmMtNDk1Mi1iOGI4LTkwOWMyYzZjNTMzNw.zip	NOVO-2024-03-31-en/xbrl.novonordisk.com/2024-03-31/NOVO-2024-03-31_lab-en.xml	dceecda63a5f93650c6952a473443b35846382db8ce8bb222ecad35add5fd367	10837
2026-09-27T14:22:20.666Z	AY85EmjhEml94DvEnkho	http://regnskaber.virk.dk/09765242/amNsb3VkczovLzAzLzJmL2Y2L2IxLzJjLzgzMmMtNDk1Mi1iOGI4LTkwOWMyYzZjNTMzNw.zip	NOVO-2024-03-31-en/xbrl.novonordisk.com/2024-03-31/NOVO-2024-03-31_ref.xml	14359947e68fb7ff5bf6705b791f6f7fbb7eb1eae6dc19b0d78d6e7672e2a5ef	414
2026-09-27T14:22:20.666Z	AY85EmjhEml94DvEnkho	http://regnskaber.virk.dk/09765242/amNsb3VkczovLzAzLzJmL2Y2L2IxLzJjLzgzMmMtNDk1Mi1iOGI4LTkwOWMyYzZjNTMzNw.zip	NOVO-2024-03-31-en/xbrl.novonordisk.com/2024-03-31/NOVO-2024-03-31.xsd	9076de216403e7976016123284e045bb0ce05096501f58b06a0a9be720445d15	6433
2026-09-27T14:22:20.666Z	AY85EmjhEml94DvEnkho	http://regnskaber.virk.dk/09765242/amNsb3VkczovLzAzLzJmL2Y2L2IxLzJjLzgzMmMtNDk1Mi1iOGI4LTkwOWMyYzZjNTMzNw.zip	NOVO-2024-03-31-en/META-INF/catalog.xml	691c01feb956b02e903922ddad13b7f13f0724f18371caf49c4274831f51995f	381
2026-09-27T14:22:20.666Z	AY85EmjhEml94DvEnkho	http://regnskaber.virk.dk/09765242/amNsb3VkczovLzAzLzJmL2Y2L2IxLzJjLzgzMmMtNDk1Mi1iOGI4LTkwOWMyYzZjNTMzNw.zip	NOVO-2024-03-31-en/META-INF/taxonomyPackage.xml	637f59c968b46396a87c2d1f122786066a4cd4bae3e30056c5384a219a9e7607	1327
2026-09-27T14:22:20.666Z	AY6jnz5uapl1L0im-8l5	http://regnskaber.virk.dk/09765242/amNsb3VkczovLzAzLzJiL2ZhLzkxL2YyLzFhMzAtNDc5Yy05OTlkLTNkOTYxZDI0NDRhZQ.zip	NOVO-2023-12-31-en/xbrl.novonordisk.com/2023-12-31/NOVO-2023-12-31_cal.xml	5a8d48bbfc7f2d2e68808828ba23ae8d5534ae5a151ae7946c15c930535e6bb5	50587
2026-09-27T14:22:20.666Z	AY6jnz5uapl1L0im-8l5	http://regnskaber.virk.dk/09765242/amNsb3VkczovLzAzLzJiL2ZhLzkxL2YyLzFhMzAtNDc5Yy05OTlkLTNkOTYxZDI0NDRhZQ.zip	NOVO-2023-12-31-en/xbrl.novonordisk.com/2023-12-31/NOVO-2023-12-31_def.xml	3f63b72584bd389aa6082b61c198f85efb3f50d5d5670f42c939b5b2b67abcec	142678
2026-09-27T14:22:20.666Z	AY6jnz5uapl1L0im-8l5	http://regnskaber.virk.dk/09765242/amNsb3VkczovLzAzLzJiL2ZhLzkxL2YyLzFhMzAtNDc5Yy05OTlkLTNkOTYxZDI0NDRhZQ.zip	NOVO-2023-12-31-en/xbrl.novonordisk.com/2023-12-31/NOVO-2023-12-31_pre.xml	f3aab0cabbf457abce8cb6e0e61efeb629ba8e4a31ea2db8e32627f8b432fb9a	153696
2026-09-27T14:22:20.666Z	AY6jnz5uapl1L0im-8l5	http://regnskaber.virk.dk/09765242/amNsb3VkczovLzAzLzJiL2ZhLzkxL2YyLzFhMzAtNDc5Yy05OTlkLTNkOTYxZDI0NDRhZQ.zip	NOVO-2023-12-31-en/xbrl.novonordisk.com/2023-12-31/NOVO-2023-12-31_lab-en.xml	66021d7210dddccb6df462d74648d597509dce0f2f0b35edc5840fb18ecb8b47	9846
2026-09-27T14:22:20.666Z	AY6jnz5uapl1L0im-8l5	http://regnskaber.virk.dk/09765242/amNsb3VkczovLzAzLzJiL2ZhLzkxL2YyLzFhMzAtNDc5Yy05OTlkLTNkOTYxZDI0NDRhZQ.zip	NOVO-2023-12-31-en/xbrl.novonordisk.com/2023-12-31/NOVO-2023-12-31_ref.xml	14359947e68fb7ff5bf6705b791f6f7fbb7eb1eae6dc19b0d78d6e7672e2a5ef	414
2026-09-27T14:22:20.666Z	AY6jnz5uapl1L0im-8l5	http://regnskaber.virk.dk/09765242/amNsb3VkczovLzAzLzJiL2ZhLzkxL2YyLzFhMzAtNDc5Yy05OTlkLTNkOTYxZDI0NDRhZQ.zip	NOVO-2023-12-31-en/xbrl.novonordisk.com/2023-12-31/NOVO-2023-12-31.xsd	9a4039bd225a5e699217eca8e91c13eeafafb4c9e1006449c2930940a413d87b	6159
2026-09-27T14:22:20.666Z	AY6jnz5uapl1L0im-8l5	http://regnskaber.virk.dk/09765242/amNsb3VkczovLzAzLzJiL2ZhLzkxL2YyLzFhMzAtNDc5Yy05OTlkLTNkOTYxZDI0NDRhZQ.zip	NOVO-2023-12-31-en/META-INF/catalog.xml	40d9a4a1f780e8357b4b46e474a59095eaf56c3e2d3b6517b287e931ccf7edf0	381
2026-09-27T14:22:20.666Z	AY6jnz5uapl1L0im-8l5	http://regnskaber.virk.dk/09765242/amNsb3VkczovLzAzLzJiL2ZhLzkxL2YyLzFhMzAtNDc5Yy05OTlkLTNkOTYxZDI0NDRhZQ.zip	NOVO-2023-12-31-en/META-INF/taxonomyPackage.xml	f4b384b9d189cb118535c71b6310f2023b5aea19db257fdcfee3afca034a14e8	1327
2026-09-27T14:22:20.666Z	AYuP30K3KIT2gYQE5ze5	http://regnskaber.virk.dk/09765242/amNsb3VkczovLzAzLzlhLzZlLzk1L2Y3LzA3N2YtNDIwYy1iNjdkLWIxNjA3NDg3YTAzNQ.zip	NOVO-2023-09-30-en/xbrl.novonordisk.com/2023-09-30/NOVO-2023-09-30_def.xml	9d22359fd4727b16aab84bf15007991482c824e1ad880d4ad7d032d7f215a4e8	67350
2026-09-27T14:22:20.666Z	AYuP30K3KIT2gYQE5ze5	http://regnskaber.virk.dk/09765242/amNsb3VkczovLzAzLzlhLzZlLzk1L2Y3LzA3N2YtNDIwYy1iNjdkLWIxNjA3NDg3YTAzNQ.zip	NOVO-2023-09-30-en/xbrl.novonordisk.com/2023-09-30/NOVO-2023-09-30_pre.xml	add270d61cd3455daf20ce48046448c6f8697d08fb38139a9afd7d27e9023f67	73589
2026-09-27T14:22:20.666Z	AYuP30K3KIT2gYQE5ze5	http://regnskaber.virk.dk/09765242/amNsb3VkczovLzAzLzlhLzZlLzk1L2Y3LzA3N2YtNDIwYy1iNjdkLWIxNjA3NDg3YTAzNQ.zip	NOVO-2023-09-30-en/xbrl.novonordisk.com/2023-09-30/NOVO-2023-09-30_cal.xml	a421f5a54d91d91a041549980a5672e5bd9788ae0c918778da82c520290b9846	46790
2026-09-27T14:22:20.666Z	AYuP30K3KIT2gYQE5ze5	http://regnskaber.virk.dk/09765242/amNsb3VkczovLzAzLzlhLzZlLzk1L2Y3LzA3N2YtNDIwYy1iNjdkLWIxNjA3NDg3YTAzNQ.zip	NOVO-2023-09-30-en/xbrl.novonordisk.com/2023-09-30/NOVO-2023-09-30_lab-en.xml	1c76500cbfe584ce9b9b2b9ec72a1a83f7a42ee1d049d5efbb6b7cca097855fb	9841
2026-09-27T14:22:20.666Z	AYuP30K3KIT2gYQE5ze5	http://regnskaber.virk.dk/09765242/amNsb3VkczovLzAzLzlhLzZlLzk1L2Y3LzA3N2YtNDIwYy1iNjdkLWIxNjA3NDg3YTAzNQ.zip	NOVO-2023-09-30-en/xbrl.novonordisk.com/2023-09-30/NOVO-2023-09-30_ref.xml	14359947e68fb7ff5bf6705b791f6f7fbb7eb1eae6dc19b0d78d6e7672e2a5ef	414
2026-09-27T14:22:20.666Z	AYuP30K3KIT2gYQE5ze5	http://regnskaber.virk.dk/09765242/amNsb3VkczovLzAzLzlhLzZlLzk1L2Y3LzA3N2YtNDIwYy1iNjdkLWIxNjA3NDg3YTAzNQ.zip	NOVO-2023-09-30-en/xbrl.novonordisk.com/2023-09-30/NOVO-2023-09-30.xsd	9fc9f4e0e463680b80a3d32146814262a1059534dc1ccb50f5ea89c9c264a02f	6338
2026-09-27T14:22:20.666Z	AYuP30K3KIT2gYQE5ze5	http://regnskaber.virk.dk/09765242/amNsb3VkczovLzAzLzlhLzZlLzk1L2Y3LzA3N2YtNDIwYy1iNjdkLWIxNjA3NDg3YTAzNQ.zip	NOVO-2023-09-30-en/META-INF/catalog.xml	2fe0f6b89f5c76d93ce363a0e346475e2f1a36259e6490ad0251f39021a538d9	381
2026-09-27T14:22:20.666Z	AYuP30K3KIT2gYQE5ze5	http://regnskaber.virk.dk/09765242/amNsb3VkczovLzAzLzlhLzZlLzk1L2Y3LzA3N2YtNDIwYy1iNjdkLWIxNjA3NDg3YTAzNQ.zip	NOVO-2023-09-30-en/META-INF/taxonomyPackage.xml	2e60118fc92c1a5828c61ac53c41c781a0d68fd07ba4c66c240ffff8977a5e00	1343
2026-09-27T14:22:20.666Z	AYneraUPxgjLResHS_qu	http://regnskaber.virk.dk/09765242/amNsb3VkczovLzAzL2RlLzc1LzY4LzM5LzVlOWQtNDgzOC04NTI3LTNhNTgyYTRmMTNjNA.zip	NOVO-2023-06-30-en/xbrl.novonordisk.com/2023-06-30/NOVO-2023-06-30_def.xml	56e701929252a668081869994a9a1acad2ce13ffd226bb3df3852092091e40c6	66268
2026-09-27T14:22:20.666Z	AYneraUPxgjLResHS_qu	http://regnskaber.virk.dk/09765242/amNsb3VkczovLzAzL2RlLzc1LzY4LzM5LzVlOWQtNDgzOC04NTI3LTNhNTgyYTRmMTNjNA.zip	NOVO-2023-06-30-en/xbrl.novonordisk.com/2023-06-30/NOVO-2023-06-30_pre.xml	be2b9f887fac0faea3c17f0460ca66d4d634b5c44fa5a53b19a9a653af806f31	71928
2026-09-27T14:22:20.666Z	AYneraUPxgjLResHS_qu	http://regnskaber.virk.dk/09765242/amNsb3VkczovLzAzL2RlLzc1LzY4LzM5LzVlOWQtNDgzOC04NTI3LTNhNTgyYTRmMTNjNA.zip	NOVO-2023-06-30-en/xbrl.novonordisk.com/2023-06-30/NOVO-2023-06-30_cal.xml	59e5f910fbef5213244623ae772a10361bb995b5b79f97742537f66af2b32cf6	47481
2026-09-27T14:22:20.666Z	AYneraUPxgjLResHS_qu	http://regnskaber.virk.dk/09765242/amNsb3VkczovLzAzL2RlLzc1LzY4LzM5LzVlOWQtNDgzOC04NTI3LTNhNTgyYTRmMTNjNA.zip	NOVO-2023-06-30-en/xbrl.novonordisk.com/2023-06-30/NOVO-2023-06-30_lab-en.xml	d8025769ba7354b0335a1beb8b5ed69952986629d5c11fe79e810e84d0a240ad	9841
2026-09-27T14:22:20.666Z	AYneraUPxgjLResHS_qu	http://regnskaber.virk.dk/09765242/amNsb3VkczovLzAzL2RlLzc1LzY4LzM5LzVlOWQtNDgzOC04NTI3LTNhNTgyYTRmMTNjNA.zip	NOVO-2023-06-30-en/xbrl.novonordisk.com/2023-06-30/NOVO-2023-06-30_ref.xml	14359947e68fb7ff5bf6705b791f6f7fbb7eb1eae6dc19b0d78d6e7672e2a5ef	414
2026-09-27T14:22:20.666Z	AYneraUPxgjLResHS_qu	http://regnskaber.virk.dk/09765242/amNsb3VkczovLzAzL2RlLzc1LzY4LzM5LzVlOWQtNDgzOC04NTI3LTNhNTgyYTRmMTNjNA.zip	NOVO-2023-06-30-en/xbrl.novonordisk.com/2023-06-30/NOVO-2023-06-30.xsd	a2a8fc8e91196436d2a06c63571b1fba2b5eed4f1f2f2d6e4fd10da9ce20eb39	6137
2026-09-27T14:22:20.666Z	AYneraUPxgjLResHS_qu	http://regnskaber.virk.dk/09765242/amNsb3VkczovLzAzL2RlLzc1LzY4LzM5LzVlOWQtNDgzOC04NTI3LTNhNTgyYTRmMTNjNA.zip	NOVO-2023-06-30-en/META-INF/catalog.xml	9484fe36cbb6dfe8b46633eafd838ad1ed3bbbd436436f488a29b803813dbb00	381
2026-09-27T14:22:20.666Z	AYneraUPxgjLResHS_qu	http://regnskaber.virk.dk/09765242/amNsb3VkczovLzAzL2RlLzc1LzY4LzM5LzVlOWQtNDgzOC04NTI3LTNhNTgyYTRmMTNjNA.zip	NOVO-2023-06-30-en/META-INF/taxonomyPackage.xml	c2060cd9158dfcd8b2c43e31431906a1e942eab1277f9ec76d31ea27389f8e40	1343
2026-09-27T14:22:20.666Z	AYfmeehOqBA96JVwCG3l	http://regnskaber.virk.dk/09765242/amNsb3VkczovLzAzL2U5LzY0L2ZlLzIzLzZlMWQtNDM4NC1hZDBmLTY2Yzc2OWNlZWQyMQ.zip	NOVO-2023-03-31-en/xbrl.novonordisk.com/2023-03-31/NOVO-2023-03-31_def.xml	69bc1091b62dc7896d578504c40dd300a1b143c85ee1a009f7d699e344b0b23f	67341
2026-09-27T14:22:20.666Z	AYfmeehOqBA96JVwCG3l	http://regnskaber.virk.dk/09765242/amNsb3VkczovLzAzL2U5LzY0L2ZlLzIzLzZlMWQtNDM4NC1hZDBmLTY2Yzc2OWNlZWQyMQ.zip	NOVO-2023-03-31-en/xbrl.novonordisk.com/2023-03-31/NOVO-2023-03-31_pre.xml	ab5c69ca1acec3d4efdd477a5f9b9fec816d116c4740e2a7a047f22d39e46dee	72058
2026-09-27T14:22:20.666Z	AYfmeehOqBA96JVwCG3l	http://regnskaber.virk.dk/09765242/amNsb3VkczovLzAzL2U5LzY0L2ZlLzIzLzZlMWQtNDM4NC1hZDBmLTY2Yzc2OWNlZWQyMQ.zip	NOVO-2023-03-31-en/xbrl.novonordisk.com/2023-03-31/NOVO-2023-03-31_cal.xml	c198c61721d28bb7853c310e6939a8b308f94a0beecbf520f8a0fa31994b2b62	48127
2026-09-27T14:22:20.666Z	AYfmeehOqBA96JVwCG3l	http://regnskaber.virk.dk/09765242/amNsb3VkczovLzAzL2U5LzY0L2ZlLzIzLzZlMWQtNDM4NC1hZDBmLTY2Yzc2OWNlZWQyMQ.zip	NOVO-2023-03-31-en/xbrl.novonordisk.com/2023-03-31/NOVO-2023-03-31_lab-en.xml	248d66af873ac858786350a6b3a94f8d402ebd88f2c4a1ed534970b658660721	10832
2026-09-27T14:22:20.666Z	AYfmeehOqBA96JVwCG3l	http://regnskaber.virk.dk/09765242/amNsb3VkczovLzAzL2U5LzY0L2ZlLzIzLzZlMWQtNDM4NC1hZDBmLTY2Yzc2OWNlZWQyMQ.zip	NOVO-2023-03-31-en/xbrl.novonordisk.com/2023-03-31/NOVO-2023-03-31_ref.xml	14359947e68fb7ff5bf6705b791f6f7fbb7eb1eae6dc19b0d78d6e7672e2a5ef	414
2026-09-27T14:22:20.666Z	AYfmeehOqBA96JVwCG3l	http://regnskaber.virk.dk/09765242/amNsb3VkczovLzAzL2U5LzY0L2ZlLzIzLzZlMWQtNDM4NC1hZDBmLTY2Yzc2OWNlZWQyMQ.zip	NOVO-2023-03-31-en/xbrl.novonordisk.com/2023-03-31/NOVO-2023-03-31.xsd	e795379d6565d6f3ad6797ad257d55148ff60e1ec3c7b83a84a7711f85ed50cc	6411
2026-09-27T14:22:20.666Z	AYfmeehOqBA96JVwCG3l	http://regnskaber.virk.dk/09765242/amNsb3VkczovLzAzL2U5LzY0L2ZlLzIzLzZlMWQtNDM4NC1hZDBmLTY2Yzc2OWNlZWQyMQ.zip	NOVO-2023-03-31-en/META-INF/catalog.xml	3f37c1ec2030646e6452755b568c67bf7a778fd75b1381c66a82c25a2b708919	381
2026-09-27T14:22:20.666Z	AYfmeehOqBA96JVwCG3l	http://regnskaber.virk.dk/09765242/amNsb3VkczovLzAzL2U5LzY0L2ZlLzIzLzZlMWQtNDM4NC1hZDBmLTY2Yzc2OWNlZWQyMQ.zip	NOVO-2023-03-31-en/META-INF/taxonomyPackage.xml	ce84c12c2977cf2ec70d2cf574ff3321ade924851fa0feb0f6527b151995b55a	1343
2026-09-27T14:22:20.666Z	AYciYsCAqjKLcyIuVdiG	http://regnskaber.virk.dk/09765242/amNsb3VkczovLzAzLzcyLzQ5L2U4L2VhL2I0YzEtNDhmNi04MDIwLWMxNTNiZTkzMDQyNg.zip	NOVO-2022-12-31-en/xbrl.novonordisk.com/2022-12-31/NOVO-2022-12-31_def.xml	db87d85371f7ed55bfed88c5c0112872754933b72712988793f9d41cbb20d4fb	135087
2026-09-27T14:22:20.666Z	AYciYsCAqjKLcyIuVdiG	http://regnskaber.virk.dk/09765242/amNsb3VkczovLzAzLzcyLzQ5L2U4L2VhL2I0YzEtNDhmNi04MDIwLWMxNTNiZTkzMDQyNg.zip	NOVO-2022-12-31-en/xbrl.novonordisk.com/2022-12-31/NOVO-2022-12-31_pre.xml	91c962a91fe6740687b53eb294531afb0fe1fa187f50f67bd06a013def81bbc1	149494
2026-09-27T14:22:20.666Z	AYciYsCAqjKLcyIuVdiG	http://regnskaber.virk.dk/09765242/amNsb3VkczovLzAzLzcyLzQ5L2U4L2VhL2I0YzEtNDhmNi04MDIwLWMxNTNiZTkzMDQyNg.zip	NOVO-2022-12-31-en/xbrl.novonordisk.com/2022-12-31/NOVO-2022-12-31_cal.xml	9d786e6f00e5dbce830e11b33e7b0255827fe67b4eb00c9d0de5ee0b7256e9ed	49857
2026-09-27T14:22:20.666Z	AYciYsCAqjKLcyIuVdiG	http://regnskaber.virk.dk/09765242/amNsb3VkczovLzAzLzcyLzQ5L2U4L2VhL2I0YzEtNDhmNi04MDIwLWMxNTNiZTkzMDQyNg.zip	NOVO-2022-12-31-en/xbrl.novonordisk.com/2022-12-31/NOVO-2022-12-31_lab-en.xml	161695ecc35c2c459a380b4fe7217c68309a23975761390d9dee995263087747	9841
2026-09-27T14:22:20.666Z	AYciYsCAqjKLcyIuVdiG	http://regnskaber.virk.dk/09765242/amNsb3VkczovLzAzLzcyLzQ5L2U4L2VhL2I0YzEtNDhmNi04MDIwLWMxNTNiZTkzMDQyNg.zip	NOVO-2022-12-31-en/xbrl.novonordisk.com/2022-12-31/NOVO-2022-12-31_ref.xml	14359947e68fb7ff5bf6705b791f6f7fbb7eb1eae6dc19b0d78d6e7672e2a5ef	414
2026-09-27T14:22:20.666Z	AYciYsCAqjKLcyIuVdiG	http://regnskaber.virk.dk/09765242/amNsb3VkczovLzAzLzcyLzQ5L2U4L2VhL2I0YzEtNDhmNi04MDIwLWMxNTNiZTkzMDQyNg.zip	NOVO-2022-12-31-en/xbrl.novonordisk.com/2022-12-31/NOVO-2022-12-31.xsd	b8b8e24da6eb1625ed92d28e6482883ad721b2849684d393ce9e17da6d69ae7f	6579
2026-09-27T14:22:20.666Z	AYciYsCAqjKLcyIuVdiG	http://regnskaber.virk.dk/09765242/amNsb3VkczovLzAzLzcyLzQ5L2U4L2VhL2I0YzEtNDhmNi04MDIwLWMxNTNiZTkzMDQyNg.zip	NOVO-2022-12-31-en/META-INF/catalog.xml	e79850ace33d093ffb9786621795119e0ea2d18559f57b9b9146bc7781a3cf41	381
2026-09-27T14:22:20.666Z	AYciYsCAqjKLcyIuVdiG	http://regnskaber.virk.dk/09765242/amNsb3VkczovLzAzLzcyLzQ5L2U4L2VhL2I0YzEtNDhmNi04MDIwLWMxNTNiZTkzMDQyNg.zip	NOVO-2022-12-31-en/META-INF/taxonomyPackage.xml	d4cc359d6d82a4b379f14496fea4d96bc6760a535246e57afa9fd3fedfd5d7b8	1343
2026-09-27T14:22:20.666Z	AYQ89Ev1_SIBMy5ibhBS	http://regnskaber.virk.dk/09765242/amNsb3VkczovLzAzLzAyLzVkLzlhL2E1LzI1YjEtNGQ2NC1iZGM3LTM4NWM5ODVlYTAyZQ.zip	549300DAQ1CVT6CXN342-2022-09-30-en/xbrl.novonordisk.com/2022-09-30/549300DAQ1CVT6CXN342-2022-09-30_def.xml	0c4b3b9ee95aefb3f59464cc37e0029991d19d4ee913f5ad4b21b7dd675a2e11	67867
2026-09-27T14:22:20.666Z	AYQ89Ev1_SIBMy5ibhBS	http://regnskaber.virk.dk/09765242/amNsb3VkczovLzAzLzAyLzVkLzlhL2E1LzI1YjEtNGQ2NC1iZGM3LTM4NWM5ODVlYTAyZQ.zip	549300DAQ1CVT6CXN342-2022-09-30-en/xbrl.novonordisk.com/2022-09-30/549300DAQ1CVT6CXN342-2022-09-30_pre.xml	1f41f7e6376d3fb431ee75c635ca2bb70a46071699cc8c9ee96cbfead89b7264	74136
2026-09-27T14:22:20.666Z	AYQ89Ev1_SIBMy5ibhBS	http://regnskaber.virk.dk/09765242/amNsb3VkczovLzAzLzAyLzVkLzlhL2E1LzI1YjEtNGQ2NC1iZGM3LTM4NWM5ODVlYTAyZQ.zip	549300DAQ1CVT6CXN342-2022-09-30-en/xbrl.novonordisk.com/2022-09-30/549300DAQ1CVT6CXN342-2022-09-30_cal.xml	f502eb9047ff22658192802cd5163c5b42097b22ad5e2526c56cab4b1c23d6df	48377
2026-09-27T14:22:20.666Z	AYQ89Ev1_SIBMy5ibhBS	http://regnskaber.virk.dk/09765242/amNsb3VkczovLzAzLzAyLzVkLzlhL2E1LzI1YjEtNGQ2NC1iZGM3LTM4NWM5ODVlYTAyZQ.zip	549300DAQ1CVT6CXN342-2022-09-30-en/xbrl.novonordisk.com/2022-09-30/549300DAQ1CVT6CXN342-2022-09-30_lab-en.xml	e0e7f7df5f41ebdc795a0c5e4f4e83a046ff8d2d2cd152f46dae3cc05b646ad8	9921
2026-09-27T14:22:20.666Z	AYQ89Ev1_SIBMy5ibhBS	http://regnskaber.virk.dk/09765242/amNsb3VkczovLzAzLzAyLzVkLzlhL2E1LzI1YjEtNGQ2NC1iZGM3LTM4NWM5ODVlYTAyZQ.zip	549300DAQ1CVT6CXN342-2022-09-30-en/xbrl.novonordisk.com/2022-09-30/549300DAQ1CVT6CXN342-2022-09-30_ref.xml	14359947e68fb7ff5bf6705b791f6f7fbb7eb1eae6dc19b0d78d6e7672e2a5ef	414
2026-09-27T14:22:20.666Z	AYQ89Ev1_SIBMy5ibhBS	http://regnskaber.virk.dk/09765242/amNsb3VkczovLzAzLzAyLzVkLzlhL2E1LzI1YjEtNGQ2NC1iZGM3LTM4NWM5ODVlYTAyZQ.zip	549300DAQ1CVT6CXN342-2022-09-30-en/xbrl.novonordisk.com/2022-09-30/549300DAQ1CVT6CXN342-2022-09-30.xsd	f6e7a38178ecee874ebb2508df6bcb957a8b12a8a08715c2be9144e16b418fd1	6437
2026-09-27T14:22:20.666Z	AYQ89Ev1_SIBMy5ibhBS	http://regnskaber.virk.dk/09765242/amNsb3VkczovLzAzLzAyLzVkLzlhL2E1LzI1YjEtNGQ2NC1iZGM3LTM4NWM5ODVlYTAyZQ.zip	549300DAQ1CVT6CXN342-2022-09-30-en/META-INF/catalog.xml	b785f8d4b0fb3b6f29df433dc01ad4914c1f96186eab9bc532b516fd65d35af8	381
2026-09-27T14:22:20.666Z	AYQ89Ev1_SIBMy5ibhBS	http://regnskaber.virk.dk/09765242/amNsb3VkczovLzAzLzAyLzVkLzlhL2E1LzI1YjEtNGQ2NC1iZGM3LTM4NWM5ODVlYTAyZQ.zip	549300DAQ1CVT6CXN342-2022-09-30-en/META-INF/taxonomyPackage.xml	ed852b6845f2d85d7032a98964a8a6ee26f9f4c735107cf8c45bdee58344d86d	1407
2026-09-27T14:22:20.666Z	AYJoxGEYB4bsdk2ILUUK	http://regnskaber.virk.dk/09765242/amNsb3VkczovLzAzLzQ3LzY0LzQ5LzQ1LzJkMTQtNGYzZS1hOWIxLWM5ZTIwYjExZjExOA.zip	549300DAQ1CVT6CXN342-2022-06-30-en/xbrl.novonordisk.com/2022-06-30/549300DAQ1CVT6CXN342-2022-06-30_def.xml	59584acc85cafb231e0a83fe5fc06f5356c18581af58109a570248b19c086899	67867
2026-09-27T14:22:20.666Z	AYJoxGEYB4bsdk2ILUUK	http://regnskaber.virk.dk/09765242/amNsb3VkczovLzAzLzQ3LzY0LzQ5LzQ1LzJkMTQtNGYzZS1hOWIxLWM5ZTIwYjExZjExOA.zip	549300DAQ1CVT6CXN342-2022-06-30-en/xbrl.novonordisk.com/2022-06-30/549300DAQ1CVT6CXN342-2022-06-30_pre.xml	68364753f6dac87e02df915c04df3a45ed6093b59017d17d0e08b8a996077e3c	74043
2026-09-27T14:22:20.666Z	AYJoxGEYB4bsdk2ILUUK	http://regnskaber.virk.dk/09765242/amNsb3VkczovLzAzLzQ3LzY0LzQ5LzQ1LzJkMTQtNGYzZS1hOWIxLWM5ZTIwYjExZjExOA.zip	549300DAQ1CVT6CXN342-2022-06-30-en/xbrl.novonordisk.com/2022-06-30/549300DAQ1CVT6CXN342-2022-06-30_cal.xml	1f3c1ca75a3f6264b7925cb2672f73f745d2a9fcbbaae4a5ed64b17885abeaa2	48284
2026-09-27T14:22:20.666Z	AYJoxGEYB4bsdk2ILUUK	http://regnskaber.virk.dk/09765242/amNsb3VkczovLzAzLzQ3LzY0LzQ5LzQ1LzJkMTQtNGYzZS1hOWIxLWM5ZTIwYjExZjExOA.zip	549300DAQ1CVT6CXN342-2022-06-30-en/xbrl.novonordisk.com/2022-06-30/549300DAQ1CVT6CXN342-2022-06-30_lab-en.xml	bc29187e693dc16c2519eb0eae559795565db024d59443ad1c89fd30aa30f7b7	9921
2026-09-27T14:22:20.666Z	AYJoxGEYB4bsdk2ILUUK	http://regnskaber.virk.dk/09765242/amNsb3VkczovLzAzLzQ3LzY0LzQ5LzQ1LzJkMTQtNGYzZS1hOWIxLWM5ZTIwYjExZjExOA.zip	549300DAQ1CVT6CXN342-2022-06-30-en/xbrl.novonordisk.com/2022-06-30/549300DAQ1CVT6CXN342-2022-06-30_ref.xml	14359947e68fb7ff5bf6705b791f6f7fbb7eb1eae6dc19b0d78d6e7672e2a5ef	414
2026-09-27T14:22:20.666Z	AYJoxGEYB4bsdk2ILUUK	http://regnskaber.virk.dk/09765242/amNsb3VkczovLzAzLzQ3LzY0LzQ5LzQ1LzJkMTQtNGYzZS1hOWIxLWM5ZTIwYjExZjExOA.zip	549300DAQ1CVT6CXN342-2022-06-30-en/xbrl.novonordisk.com/2022-06-30/549300DAQ1CVT6CXN342-2022-06-30.xsd	18a52d9e28518e0df5f599262186746c084eb7c2d20f4291ca5e9bd322f98ecb	6339
2026-09-27T14:22:20.666Z	AYJoxGEYB4bsdk2ILUUK	http://regnskaber.virk.dk/09765242/amNsb3VkczovLzAzLzQ3LzY0LzQ5LzQ1LzJkMTQtNGYzZS1hOWIxLWM5ZTIwYjExZjExOA.zip	549300DAQ1CVT6CXN342-2022-06-30-en/META-INF/catalog.xml	a407f486812386c21890d3a1ac07b51948f353bbc996012360c68e476f6afa96	381
2026-09-27T14:22:20.666Z	AYJoxGEYB4bsdk2ILUUK	http://regnskaber.virk.dk/09765242/amNsb3VkczovLzAzLzQ3LzY0LzQ5LzQ1LzJkMTQtNGYzZS1hOWIxLWM5ZTIwYjExZjExOA.zip	549300DAQ1CVT6CXN342-2022-06-30-en/META-INF/taxonomyPackage.xml	fa307ada9f2a3217d74fac581c198eb000f85ee2ee64b0699467457bcb6dd3cc	1407
2026-09-27T14:22:20.666Z	AYB1W8qI3KdRBpU1RXDr	http://regnskaber.virk.dk/09765242/amNsb3VkczovLzAzL2RmL2RkLzA4L2IwLzcyODktNDA0Ny1hNjRhLWE0NDI3ZTk0MmM1Mg.zip	NOVO-2022-03-31-en/xbrl.novonordisk.com/2022-03-31/NOVO-2022-03-31_def.xml	8dcccfe0e0f82cb0aa692561aac7988052c72ba32744f922e6f25817880bb686	68748
2026-09-27T14:22:20.666Z	AYB1W8qI3KdRBpU1RXDr	http://regnskaber.virk.dk/09765242/amNsb3VkczovLzAzL2RmL2RkLzA4L2IwLzcyODktNDA0Ny1hNjRhLWE0NDI3ZTk0MmM1Mg.zip	NOVO-2022-03-31-en/xbrl.novonordisk.com/2022-03-31/NOVO-2022-03-31_pre.xml	6cad868fd460de8c5f6f73c59baff0e33faa9e563ce111a5565bf96460ed4679	73997
2026-09-27T14:22:20.666Z	AYB1W8qI3KdRBpU1RXDr	http://regnskaber.virk.dk/09765242/amNsb3VkczovLzAzL2RmL2RkLzA4L2IwLzcyODktNDA0Ny1hNjRhLWE0NDI3ZTk0MmM1Mg.zip	NOVO-2022-03-31-en/xbrl.novonordisk.com/2022-03-31/NOVO-2022-03-31_cal.xml	6f2894de3f2ecb8d3bd5db3f7f6a2fd965ece80f6a4577112cfe6e234fc6bb93	48770
2026-09-27T14:22:20.666Z	AYB1W8qI3KdRBpU1RXDr	http://regnskaber.virk.dk/09765242/amNsb3VkczovLzAzL2RmL2RkLzA4L2IwLzcyODktNDA0Ny1hNjRhLWE0NDI3ZTk0MmM1Mg.zip	NOVO-2022-03-31-en/xbrl.novonordisk.com/2022-03-31/NOVO-2022-03-31_lab-en.xml	d67438b5f2d4c72444069712dac062515626280f8458f25c4f4638203691b3f8	10832
2026-09-27T14:22:20.666Z	AYB1W8qI3KdRBpU1RXDr	http://regnskaber.virk.dk/09765242/amNsb3VkczovLzAzL2RmL2RkLzA4L2IwLzcyODktNDA0Ny1hNjRhLWE0NDI3ZTk0MmM1Mg.zip	NOVO-2022-03-31-en/xbrl.novonordisk.com/2022-03-31/NOVO-2022-03-31_ref.xml	14359947e68fb7ff5bf6705b791f6f7fbb7eb1eae6dc19b0d78d6e7672e2a5ef	414
2026-09-27T14:22:20.666Z	AYB1W8qI3KdRBpU1RXDr	http://regnskaber.virk.dk/09765242/amNsb3VkczovLzAzL2RmL2RkLzA4L2IwLzcyODktNDA0Ny1hNjRhLWE0NDI3ZTk0MmM1Mg.zip	NOVO-2022-03-31-en/xbrl.novonordisk.com/2022-03-31/NOVO-2022-03-31.xsd	1fb23875342a9c167dee59c1ef214d97ca45bc643a724f78043cd86a2347c73a	6533
2026-09-27T14:22:20.666Z	AYB1W8qI3KdRBpU1RXDr	http://regnskaber.virk.dk/09765242/amNsb3VkczovLzAzL2RmL2RkLzA4L2IwLzcyODktNDA0Ny1hNjRhLWE0NDI3ZTk0MmM1Mg.zip	NOVO-2022-03-31-en/META-INF/catalog.xml	0a63685127f5a7b05de95cb406edc9e0715b1d7444c5b8b1922cb489d3299d73	381
2026-09-27T14:22:20.666Z	AYB1W8qI3KdRBpU1RXDr	http://regnskaber.virk.dk/09765242/amNsb3VkczovLzAzL2RmL2RkLzA4L2IwLzcyODktNDA0Ny1hNjRhLWE0NDI3ZTk0MmM1Mg.zip	NOVO-2022-03-31-en/META-INF/taxonomyPackage.xml	33bfc3327fc29272f2935d65495b4239720140d2af92ef3814da266a3d990a0b	1343
2026-09-27T14:22:20.666Z	AX_AXrmMR7mhcJTZ_WKZ	http://regnskaber.virk.dk/09765242/amNsb3VkczovLzAzL2JmLzYzLzU5LzEzLzlkMjAtNDZkNC1hYjNhLTFkZjcwZWMyZmI1Yg.zip	NOVO-2021-12-31-en/xbrl.novonordisk.com/2021-12-31/NOVO-2021-12-31_def.xml	7c2cb7e9b99753eab62052bba36aa1a8da21a9cac35e0de6b3309a8fa80d91cf	75927
2026-09-27T14:22:20.666Z	AX_AXrmMR7mhcJTZ_WKZ	http://regnskaber.virk.dk/09765242/amNsb3VkczovLzAzL2JmLzYzLzU5LzEzLzlkMjAtNDZkNC1hYjNhLTFkZjcwZWMyZmI1Yg.zip	NOVO-2021-12-31-en/xbrl.novonordisk.com/2021-12-31/NOVO-2021-12-31_pre.xml	6e7b217f1d9af260cab521c7e28d3514e9cfd09de1526185a198f19d54a79b9c	82705
2026-09-27T14:22:20.666Z	AX_AXrmMR7mhcJTZ_WKZ	http://regnskaber.virk.dk/09765242/amNsb3VkczovLzAzL2JmLzYzLzU5LzEzLzlkMjAtNDZkNC1hYjNhLTFkZjcwZWMyZmI1Yg.zip	NOVO-2021-12-31-en/xbrl.novonordisk.com/2021-12-31/NOVO-2021-12-31_cal.xml	a9a19278d371fa3b67ce21294e1dd429f89c8c22d56a89685611f414b4c8ea33	50631
2026-09-27T14:22:20.666Z	AX_AXrmMR7mhcJTZ_WKZ	http://regnskaber.virk.dk/09765242/amNsb3VkczovLzAzL2JmLzYzLzU5LzEzLzlkMjAtNDZkNC1hYjNhLTFkZjcwZWMyZmI1Yg.zip	NOVO-2021-12-31-en/xbrl.novonordisk.com/2021-12-31/NOVO-2021-12-31_lab-en.xml	1587123d1d0af8ff5d847de6be2c7252fb40a0669990cd5a414e079890f50b49	9841
2026-09-27T14:22:20.666Z	AX_AXrmMR7mhcJTZ_WKZ	http://regnskaber.virk.dk/09765242/amNsb3VkczovLzAzL2JmLzYzLzU5LzEzLzlkMjAtNDZkNC1hYjNhLTFkZjcwZWMyZmI1Yg.zip	NOVO-2021-12-31-en/xbrl.novonordisk.com/2021-12-31/NOVO-2021-12-31_ref.xml	14359947e68fb7ff5bf6705b791f6f7fbb7eb1eae6dc19b0d78d6e7672e2a5ef	414
2026-09-27T14:22:20.666Z	AX_AXrmMR7mhcJTZ_WKZ	http://regnskaber.virk.dk/09765242/amNsb3VkczovLzAzL2JmLzYzLzU5LzEzLzlkMjAtNDZkNC1hYjNhLTFkZjcwZWMyZmI1Yg.zip	NOVO-2021-12-31-en/xbrl.novonordisk.com/2021-12-31/NOVO-2021-12-31.xsd	847d896eeb3c4ff7ba2f42abd47e0d9c3700ede0698efd40522f75faa201049a	6259
2026-09-27T14:22:20.666Z	AX_AXrmMR7mhcJTZ_WKZ	http://regnskaber.virk.dk/09765242/amNsb3VkczovLzAzL2JmLzYzLzU5LzEzLzlkMjAtNDZkNC1hYjNhLTFkZjcwZWMyZmI1Yg.zip	NOVO-2021-12-31-en/META-INF/catalog.xml	4548e8bbbbd21087f84efc30c6f3e5dffb23e0d71a64cc1bc3d1c3f00f7febf8	381
2026-09-27T14:22:20.666Z	AX_AXrmMR7mhcJTZ_WKZ	http://regnskaber.virk.dk/09765242/amNsb3VkczovLzAzL2JmLzYzLzU5LzEzLzlkMjAtNDZkNC1hYjNhLTFkZjcwZWMyZmI1Yg.zip	NOVO-2021-12-31-en/META-INF/taxonomyPackage.xml	678c1f5b9746e2013428f23c742ef010a1ce921d98c40a269c1b41e8e30f1f1d	1343
2026-09-27T14:22:20.666Z	AYu1B4_vcZZ6n_oHAMS3	http://regnskaber.virk.dk/09765242/amNsb3VkczovLzAzLzJjLzQ5L2UxLzBlLzI2NmMtNGU4ZS05ZjNkLWZiNWJhNWQwYzcyMw.zip	549300DAQ1CVT6CXN342-2021-09-30-en/xbrl.novonordisk.com/2021-09-30/549300DAQ1CVT6CXN342-2021-09-30_def.xml	650f94ac8ba9683302df6118ed14c309a415dc75a2456c3475ca98a0ceb65761	72299
2026-09-27T14:22:20.666Z	AYu1B4_vcZZ6n_oHAMS3	http://regnskaber.virk.dk/09765242/amNsb3VkczovLzAzLzJjLzQ5L2UxLzBlLzI2NmMtNGU4ZS05ZjNkLWZiNWJhNWQwYzcyMw.zip	549300DAQ1CVT6CXN342-2021-09-30-en/xbrl.novonordisk.com/2021-09-30/549300DAQ1CVT6CXN342-2021-09-30.xsd	f00441e6edfd51e9b6182675b198462f4d29ee842d8c2031af5482db3301a431	6751
2026-09-27T14:22:20.666Z	AYu1B4_vcZZ6n_oHAMS3	http://regnskaber.virk.dk/09765242/amNsb3VkczovLzAzLzJjLzQ5L2UxLzBlLzI2NmMtNGU4ZS05ZjNkLWZiNWJhNWQwYzcyMw.zip	549300DAQ1CVT6CXN342-2021-09-30-en/xbrl.novonordisk.com/2021-09-30/549300DAQ1CVT6CXN342-2021-09-30_pre.xml	c757a753ce87c2680fd5f2087295579fa4cd6985b5ce824f8ce99eca26f1d434	78918
2026-09-27T14:22:20.666Z	AYu1B4_vcZZ6n_oHAMS3	http://regnskaber.virk.dk/09765242/amNsb3VkczovLzAzLzJjLzQ5L2UxLzBlLzI2NmMtNGU4ZS05ZjNkLWZiNWJhNWQwYzcyMw.zip	549300DAQ1CVT6CXN342-2021-09-30-en/xbrl.novonordisk.com/2021-09-30/549300DAQ1CVT6CXN342-2021-09-30_ref.xml	2eb9ca1435a0cc20bd1ee73b1bf77889db377b2b602767a0b2adb23d0ff4780c	470
2026-09-27T14:22:20.666Z	AYu1B4_vcZZ6n_oHAMS3	http://regnskaber.virk.dk/09765242/amNsb3VkczovLzAzLzJjLzQ5L2UxLzBlLzI2NmMtNGU4ZS05ZjNkLWZiNWJhNWQwYzcyMw.zip	549300DAQ1CVT6CXN342-2021-09-30-en/xbrl.novonordisk.com/2021-09-30/549300DAQ1CVT6CXN342-2021-09-30_lab-en.xml	cbd533d19534da8687940e709dd806f61e52a346c0efd1d09c2bb32167bdd657	11333
2026-09-27T14:22:20.666Z	AYu1B4_vcZZ6n_oHAMS3	http://regnskaber.virk.dk/09765242/amNsb3VkczovLzAzLzJjLzQ5L2UxLzBlLzI2NmMtNGU4ZS05ZjNkLWZiNWJhNWQwYzcyMw.zip	549300DAQ1CVT6CXN342-2021-09-30-en/xbrl.novonordisk.com/2021-09-30/549300DAQ1CVT6CXN342-2021-09-30_cal.xml	7792ba974431cf792cd624d284b95c63a1cb81af4588a4159c36d950d39f7e4e	49398
2026-09-27T14:22:20.666Z	AYu1B4_vcZZ6n_oHAMS3	http://regnskaber.virk.dk/09765242/amNsb3VkczovLzAzLzJjLzQ5L2UxLzBlLzI2NmMtNGU4ZS05ZjNkLWZiNWJhNWQwYzcyMw.zip	549300DAQ1CVT6CXN342-2021-09-30-en/META-INF/catalog.xml	12a5342f41708724160e0fd95e0785f666e81bcf6e9a0460717cce9aea03fb05	359
2026-09-27T14:22:20.666Z	AYu1B4_vcZZ6n_oHAMS3	http://regnskaber.virk.dk/09765242/amNsb3VkczovLzAzLzJjLzQ5L2UxLzBlLzI2NmMtNGU4ZS05ZjNkLWZiNWJhNWQwYzcyMw.zip	549300DAQ1CVT6CXN342-2021-09-30-en/META-INF/taxonomyPackage.xml	661efd3ce192bb3e0c6c6d08ddcf68a8b4cbf09804a324f20fcace0fda74fcc5	1407
2026-09-27T14:22:20.666Z	AXs5bsahz_yVfUQTHKNx	http://regnskaber.virk.dk/09765242/amNsb3VkczovLzAzLzRjLzJjLzQ3LzRlLzhmZmEtNGQ0ZC1hNjA4LTE5YTVjMWM3ZjE5Yg.zip	549300DAQ1CVT6CXN342-2021-06-30-en/xbrl.novonordisk.com/2021-06-30/549300DAQ1CVT6CXN342-2021-06-30_def.xml	bdf00c6acf033d96cfa785ce9e9250f9eecdddde3c0cefc1f12f1e5409940873	65608
2026-09-27T14:22:20.666Z	AXs5bsahz_yVfUQTHKNx	http://regnskaber.virk.dk/09765242/amNsb3VkczovLzAzLzRjLzJjLzQ3LzRlLzhmZmEtNGQ0ZC1hNjA4LTE5YTVjMWM3ZjE5Yg.zip	549300DAQ1CVT6CXN342-2021-06-30-en/xbrl.novonordisk.com/2021-06-30/549300DAQ1CVT6CXN342-2021-06-30.xsd	5858cb7a8a6ff22274950991cb2ba243819a7ff07f46a2de9a8f9344801b1be2	6751
2026-09-27T14:22:20.666Z	AXs5bsahz_yVfUQTHKNx	http://regnskaber.virk.dk/09765242/amNsb3VkczovLzAzLzRjLzJjLzQ3LzRlLzhmZmEtNGQ0ZC1hNjA4LTE5YTVjMWM3ZjE5Yg.zip	549300DAQ1CVT6CXN342-2021-06-30-en/xbrl.novonordisk.com/2021-06-30/549300DAQ1CVT6CXN342-2021-06-30_pre.xml	b4a3bfda8521bfe7a94c498de6be2a44f3d74b6b0f86d5d4f61ff66b19b5cfa6	73776
2026-09-27T14:22:20.666Z	AXs5bsahz_yVfUQTHKNx	http://regnskaber.virk.dk/09765242/amNsb3VkczovLzAzLzRjLzJjLzQ3LzRlLzhmZmEtNGQ0ZC1hNjA4LTE5YTVjMWM3ZjE5Yg.zip	549300DAQ1CVT6CXN342-2021-06-30-en/xbrl.novonordisk.com/2021-06-30/549300DAQ1CVT6CXN342-2021-06-30_ref.xml	2eb9ca1435a0cc20bd1ee73b1bf77889db377b2b602767a0b2adb23d0ff4780c	470
2026-09-27T14:22:20.666Z	AXs5bsahz_yVfUQTHKNx	http://regnskaber.virk.dk/09765242/amNsb3VkczovLzAzLzRjLzJjLzQ3LzRlLzhmZmEtNGQ0ZC1hNjA4LTE5YTVjMWM3ZjE5Yg.zip	549300DAQ1CVT6CXN342-2021-06-30-en/xbrl.novonordisk.com/2021-06-30/549300DAQ1CVT6CXN342-2021-06-30_lab-en.xml	68154781e26ca03e2b97404ebfca282e50a5e12623a22dee5059126a3e5831f1	6739
2026-09-27T14:22:20.666Z	AXs5bsahz_yVfUQTHKNx	http://regnskaber.virk.dk/09765242/amNsb3VkczovLzAzLzRjLzJjLzQ3LzRlLzhmZmEtNGQ0ZC1hNjA4LTE5YTVjMWM3ZjE5Yg.zip	549300DAQ1CVT6CXN342-2021-06-30-en/xbrl.novonordisk.com/2021-06-30/549300DAQ1CVT6CXN342-2021-06-30_cal.xml	7cede3c6a09d563dd0bf3938c678013e072caa04f4da65da41d41f88c495927f	52255
2026-09-27T14:22:20.666Z	AXs5bsahz_yVfUQTHKNx	http://regnskaber.virk.dk/09765242/amNsb3VkczovLzAzLzRjLzJjLzQ3LzRlLzhmZmEtNGQ0ZC1hNjA4LTE5YTVjMWM3ZjE5Yg.zip	549300DAQ1CVT6CXN342-2021-06-30-en/META-INF/catalog.xml	12a5342f41708724160e0fd95e0785f666e81bcf6e9a0460717cce9aea03fb05	359
2026-09-27T14:22:20.666Z	AXs5bsahz_yVfUQTHKNx	http://regnskaber.virk.dk/09765242/amNsb3VkczovLzAzLzRjLzJjLzQ3LzRlLzhmZmEtNGQ0ZC1hNjA4LTE5YTVjMWM3ZjE5Yg.zip	549300DAQ1CVT6CXN342-2021-06-30-en/META-INF/taxonomyPackage.xml	55a0bf7cbff301b61421abb97de20d6627b40fb56dadd74033cd4bf8938070f0	1407
2026-09-27T14:22:20.666Z	AXlgE9G0h7LHlmgKpt7o	http://regnskaber.virk.dk/09765242/amNsb3VkczovLzAzLzgxLzAzL2UyLzhlLzUxMWUtNDU2ZS1iNDVkLWNiZjhhNjFmNzgxMA.zip	549300DAQ1CVT6CXN342-2021-03-31_en/xbrl.novonordisk.com/2021-03-31/549300DAQ1CVT6CXN342-2021-03-31_def.xml	d1855cf35ece8fde08565b9cfca528336fac0af0c524c36249347a0d2df172f7	66736
2026-09-27T14:22:20.666Z	AXlgE9G0h7LHlmgKpt7o	http://regnskaber.virk.dk/09765242/amNsb3VkczovLzAzLzgxLzAzL2UyLzhlLzUxMWUtNDU2ZS1iNDVkLWNiZjhhNjFmNzgxMA.zip	549300DAQ1CVT6CXN342-2021-03-31_en/xbrl.novonordisk.com/2021-03-31/549300DAQ1CVT6CXN342-2021-03-31.xsd	838af177dd81b07ef00680511a1039a8edb3e1a015ad03965bd6be0751c10944	7056
2026-09-27T14:22:20.666Z	AXlgE9G0h7LHlmgKpt7o	http://regnskaber.virk.dk/09765242/amNsb3VkczovLzAzLzgxLzAzL2UyLzhlLzUxMWUtNDU2ZS1iNDVkLWNiZjhhNjFmNzgxMA.zip	549300DAQ1CVT6CXN342-2021-03-31_en/xbrl.novonordisk.com/2021-03-31/549300DAQ1CVT6CXN342-2021-03-31_pre.xml	6c615632240900fbd3120443769e7962d0b7e4e19c3a2705345c92f485ea1e25	74237
2026-09-27T14:22:20.666Z	AXlgE9G0h7LHlmgKpt7o	http://regnskaber.virk.dk/09765242/amNsb3VkczovLzAzLzgxLzAzL2UyLzhlLzUxMWUtNDU2ZS1iNDVkLWNiZjhhNjFmNzgxMA.zip	549300DAQ1CVT6CXN342-2021-03-31_en/xbrl.novonordisk.com/2021-03-31/549300DAQ1CVT6CXN342-2021-03-31_ref.xml	2eb9ca1435a0cc20bd1ee73b1bf77889db377b2b602767a0b2adb23d0ff4780c	470
2026-09-27T14:22:20.666Z	AXlgE9G0h7LHlmgKpt7o	http://regnskaber.virk.dk/09765242/amNsb3VkczovLzAzLzgxLzAzL2UyLzhlLzUxMWUtNDU2ZS1iNDVkLWNiZjhhNjFmNzgxMA.zip	549300DAQ1CVT6CXN342-2021-03-31_en/xbrl.novonordisk.com/2021-03-31/549300DAQ1CVT6CXN342-2021-03-31_lab-en.xml	d5b44f4fd717b71a0a03519033ad84ae22f92db0f5b65bc7efb8555237d8b4ad	7760
2026-09-27T14:22:20.666Z	AXlgE9G0h7LHlmgKpt7o	http://regnskaber.virk.dk/09765242/amNsb3VkczovLzAzLzgxLzAzL2UyLzhlLzUxMWUtNDU2ZS1iNDVkLWNiZjhhNjFmNzgxMA.zip	549300DAQ1CVT6CXN342-2021-03-31_en/xbrl.novonordisk.com/2021-03-31/549300DAQ1CVT6CXN342-2021-03-31_cal.xml	affd42e33f4f73b8fee1eaa9ac6a0500bedf895e67e599a99a3d9d9dee585917	50605
2026-09-27T14:22:20.666Z	AXlgE9G0h7LHlmgKpt7o	http://regnskaber.virk.dk/09765242/amNsb3VkczovLzAzLzgxLzAzL2UyLzhlLzUxMWUtNDU2ZS1iNDVkLWNiZjhhNjFmNzgxMA.zip	549300DAQ1CVT6CXN342-2021-03-31_en/META-INF/catalog.xml	12a5342f41708724160e0fd95e0785f666e81bcf6e9a0460717cce9aea03fb05	359
2026-09-27T14:22:20.666Z	AXlgE9G0h7LHlmgKpt7o	http://regnskaber.virk.dk/09765242/amNsb3VkczovLzAzLzgxLzAzL2UyLzhlLzUxMWUtNDU2ZS1iNDVkLWNiZjhhNjFmNzgxMA.zip	549300DAQ1CVT6CXN342-2021-03-31_en/META-INF/taxonomyPackage.xml	a6475ee02a8a3b41c25be5bc4417b65d223ad9bdfaa76328b94e328cba194e68	1407
2026-09-27T14:22:20.666Z	AYu1B49aYPDht5tWlW1a	http://regnskaber.virk.dk/09765242/amNsb3VkczovLzAzLzkyLzBkL2I2L2FiLzM3MGUtNDhiZS05MTc0LThmYWI1ZWZlMjJiZA.zip	NOVO-2020-12-31/META-INF/catalog.xml	12a5342f41708724160e0fd95e0785f666e81bcf6e9a0460717cce9aea03fb05	359
2026-09-27T14:22:20.666Z	AYu1B49aYPDht5tWlW1a	http://regnskaber.virk.dk/09765242/amNsb3VkczovLzAzLzkyLzBkL2I2L2FiLzM3MGUtNDhiZS05MTc0LThmYWI1ZWZlMjJiZA.zip	NOVO-2020-12-31/META-INF/taxonomyPackage.xml	6bcaf365ac7f53e52e61f47d76ab31b6d004ce996aafbcca204c1f83c226fad0	1342
2026-09-27T14:22:20.666Z	AYu1B49aYPDht5tWlW1a	http://regnskaber.virk.dk/09765242/amNsb3VkczovLzAzLzkyLzBkL2I2L2FiLzM3MGUtNDhiZS05MTc0LThmYWI1ZWZlMjJiZA.zip	NOVO-2020-12-31/xbrl.novonordisk.com/2020-12-31/NOVO-2020-12-31.xsd	d7aa569fb4dcfe4d04b1235f47b78e80c962c7c5b870dd0cb5d0dc2e87191044	6952
2026-09-27T14:22:20.666Z	AYu1B49aYPDht5tWlW1a	http://regnskaber.virk.dk/09765242/amNsb3VkczovLzAzLzkyLzBkL2I2L2FiLzM3MGUtNDhiZS05MTc0LThmYWI1ZWZlMjJiZA.zip	NOVO-2020-12-31/xbrl.novonordisk.com/2020-12-31/NOVO-2020-12-31_cal.xml	00d28fa411a62c780a3b00c85915fce19fc8813c909fc73a55579b69c94ff4a2	53558
2026-09-27T14:22:20.666Z	AYu1B49aYPDht5tWlW1a	http://regnskaber.virk.dk/09765242/amNsb3VkczovLzAzLzkyLzBkL2I2L2FiLzM3MGUtNDhiZS05MTc0LThmYWI1ZWZlMjJiZA.zip	NOVO-2020-12-31/xbrl.novonordisk.com/2020-12-31/NOVO-2020-12-31_def.xml	58b4f3ce0d744da072030cdf4b9c45f710c78d8d0fdb3c05fd963c7bc714c3ba	71478
2026-09-27T14:22:20.666Z	AYu1B49aYPDht5tWlW1a	http://regnskaber.virk.dk/09765242/amNsb3VkczovLzAzLzkyLzBkL2I2L2FiLzM3MGUtNDhiZS05MTc0LThmYWI1ZWZlMjJiZA.zip	NOVO-2020-12-31/xbrl.novonordisk.com/2020-12-31/NOVO-2020-12-31_lab-en.xml	583c00a27ab0f85ee508ebee00aebdcd3e5876eb688f49b4c6689f89ca09c84c	7621
2026-09-27T14:22:20.666Z	AYu1B49aYPDht5tWlW1a	http://regnskaber.virk.dk/09765242/amNsb3VkczovLzAzLzkyLzBkL2I2L2FiLzM3MGUtNDhiZS05MTc0LThmYWI1ZWZlMjJiZA.zip	NOVO-2020-12-31/xbrl.novonordisk.com/2020-12-31/NOVO-2020-12-31_pre.xml	fa3a85670e1e163a6db2a0c038bebcd13310be57c79a31bcbd42c5f48c8e0382	76077
2026-09-27T14:22:20.666Z	AYu1B49aYPDht5tWlW1a	http://regnskaber.virk.dk/09765242/amNsb3VkczovLzAzLzkyLzBkL2I2L2FiLzM3MGUtNDhiZS05MTc0LThmYWI1ZWZlMjJiZA.zip	NOVO-2020-12-31/xbrl.novonordisk.com/2020-12-31/NOVO-2020-12-31_ref.xml	2eb9ca1435a0cc20bd1ee73b1bf77889db377b2b602767a0b2adb23d0ff4780c	470
