observedAt	ts	open	high	low	close	adjclose	volume
2026-10-03T09:12:15.128Z	1759388400	32.7599983215332	33.16999816894531	31.780000686645508	32.29999923706055	31.800004959106445	2840152
2026-10-03T09:12:15.128Z	1759474800	32.83000183105469	33.04999923706055	32.540000915527344	33.04999923706055	32.53840255737305	2815693
2026-10-03T09:12:15.128Z	1759734000	32.849998474121094	33.900001525878906	32.779998779296875	33.45000076293945	32.93220901489258	2804158
2026-10-03T09:12:15.128Z	1759820400	32.7400016784668	33.630001068115234	32.5	33.130001068115234	32.61716079711914	2356694
2026-10-03T09:12:15.128Z	1759906800	33.7599983215332	35.29999923706055	33.70000076293945	35.29999923706055	34.753570556640625	3983119
2026-10-03T09:12:15.128Z	1759993200	35.400001525878906	35.529998779296875	34.27000045776367	34.31999969482422	33.78873825073242	2896037
2026-10-03T09:12:15.128Z	1760079600	33.18000030517578	33.86000061035156	32.290000915527344	32.31999969482422	31.819698333740234	3570877
2026-10-03T09:12:15.128Z	1760338800	32.5	33.5	32.40999984741211	33.31999969482422	32.80421447753906	2753368
2026-10-03T09:12:15.128Z	1760425200	32.72999954223633	32.95000076293945	32.400001525878906	32.810001373291016	32.3021125793457	1991067
2026-10-03T09:12:15.128Z	1760511600	33.22999954223633	33.369998931884766	32.779998779296875	32.97999954223633	32.469482421875	1491965
2026-10-03T09:12:15.128Z	1760598000	33	33.040000915527344	32.599998474121094	33.040000915527344	32.5285530090332	1657762
2026-10-03T09:12:15.128Z	1760684400	32.5	33.11000061035156	32.04999923706055	32.81999969482422	32.31195831298828	1824654
2026-10-03T09:12:15.128Z	1760943600	33.06999969482422	33.4900016784668	32.810001373291016	33.349998474121094	32.8337516784668	1110847
2026-10-03T09:12:15.128Z	1761030000	33.15999984741211	33.22999954223633	32.529998779296875	32.84000015258789	32.33164978027344	1694315
2026-10-03T09:12:15.128Z	1761116400	33.11000061035156	33.75	32.93000030517578	33.5	32.9814338684082	2240250
2026-10-03T09:12:15.128Z	1761202800	33.599998474121094	33.75	33.29999923706055	33.33000183105469	32.81406784057617	1113438
2026-10-03T09:12:15.128Z	1761289200	33.5099983215332	33.84000015258789	33.08000183105469	33.720001220703125	33.198028564453125	1304066
2026-10-03T09:12:15.128Z	1761552000	34.20000076293945	34.20000076293945	33.83000183105469	33.9900016784668	33.46384811401367	1212323
2026-10-03T09:12:15.128Z	1761638400	33.7400016784668	34.18000030517578	33.599998474121094	34.15999984741211	33.6312141418457	1123202
2026-10-03T09:12:15.128Z	1761724800	34.150001525878906	34.150001525878906	33.540000915527344	33.61000061035156	33.08972930908203	1682057
2026-10-03T09:12:15.128Z	1761811200	33.630001068115234	33.68000030517578	33.27000045776367	33.40999984741211	32.892822265625	997549
2026-10-03T09:12:15.128Z	1761897600	33.36000061035156	33.529998779296875	33.11000061035156	33.15999984741211	32.646697998046875	1422406
2026-10-03T09:12:15.128Z	1762156800	32.959999084472656	33.27000045776367	32.83000183105469	33.02000045776367	32.50886154174805	1612083
2026-10-03T09:12:15.128Z	1762243200	32.529998779296875	32.599998474121094	31.8700008392334	32.400001525878906	31.898462295532227	1576920
2026-10-03T09:12:15.128Z	1762329600	32	32.5099983215332	31.950000762939453	32.4900016784668	31.987070083618164	1467252
2026-10-03T09:12:15.128Z	1762416000	33.45000076293945	34.58000183105469	33.16999816894531	33.279998779296875	32.764835357666016	3527524
2026-10-03T09:12:15.128Z	1762502400	33.77000045776367	34.36000061035156	33.36000061035156	33.75	33.227561950683594	2777381
2026-10-03T09:12:15.128Z	1762761600	34.459999084472656	34.54999923706055	33.84000015258789	33.970001220703125	33.444156646728516	1355222
2026-10-03T09:12:15.128Z	1762848000	34.02000045776367	34.58000183105469	33.810001373291016	34.41999816894531	33.88718795776367	1587771
2026-10-03T09:12:15.128Z	1762934400	34.40999984741211	35.060001373291016	34.34000015258789	34.95000076293945	34.68611526489258	1799513
2026-10-03T09:12:15.128Z	1763020800	34.88999938964844	35.15999984741211	34.65999984741211	34.72999954223633	34.467769622802734	1405849
2026-10-03T09:12:15.128Z	1763107200	34.25	34.5	33.779998779296875	34.34000015258789	34.080718994140625	1381541
2026-10-03T09:12:15.128Z	1763366400	33.84000015258789	34.31999969482422	33.68000030517578	34.220001220703125	33.96162414550781	1324448
2026-10-03T09:12:15.128Z	1763452800	33.36000061035156	34.11000061035156	33.2599983215332	33.90999984741211	33.653961181640625	1893398
2026-10-03T09:12:15.128Z	1763539200	33.790000915527344	35.15999984741211	33.790000915527344	34.869998931884766	34.60671615600586	2144715
2026-10-03T09:12:15.128Z	1763625600	35.2599983215332	35.380001068115234	34.790000915527344	34.970001220703125	34.705963134765625	2277205
2026-10-03T09:12:15.128Z	1763712000	34.099998474121094	34.400001525878906	33.63999938964844	34.04999923706055	33.79290771484375	2409835
2026-10-03T09:12:15.128Z	1763971200	34.70000076293945	35.790000915527344	34.65999984741211	35.13999938964844	34.87467575073242	4052156
2026-10-03T09:12:15.128Z	1764057600	35.220001220703125	36.5099983215332	35.029998779296875	36.40999984741211	36.13508987426758	2613985
2026-10-03T09:12:15.128Z	1764144000	36.970001220703125	37.119998931884766	36.290000915527344	37.060001373291016	36.780181884765625	1803240
2026-10-03T09:12:15.128Z	1764230400	37.040000915527344	37.09000015258789	36.58000183105469	36.650001525878906	36.3732795715332	1357954
2026-10-03T09:12:15.128Z	1764316800	36.70000076293945	37.220001220703125	36.619998931884766	37.18000030517578	36.89927291870117	1565608
2026-10-03T09:12:15.128Z	1764576000	37.560001373291016	37.810001373291016	37.13999938964844	37.439998626708984	37.157310485839844	1159856
2026-10-03T09:12:15.128Z	1764662400	37.47999954223633	37.75	37.31999969482422	37.31999969482422	37.0382194519043	1073887
2026-10-03T09:12:15.128Z	1764748800	37.66999816894531	37.66999816894531	36.439998626708984	36.599998474121094	36.32365417480469	2422090
2026-10-03T09:12:15.128Z	1764835200	36.619998931884766	36.90999984741211	36.130001068115234	36.720001220703125	36.4427490234375	2059807
2026-10-03T09:12:15.128Z	1764921600	36.849998474121094	37.18000030517578	36.58000183105469	36.599998474121094	36.32365417480469	1205269
2026-10-03T09:12:15.128Z	1765180800	36.41999816894531	36.86000061035156	36.20000076293945	36.86000061035156	36.58169174194336	1065493
2026-10-03T09:12:15.128Z	1765267200	37.060001373291016	37.58000183105469	36.97999954223633	37.439998626708984	37.157310485839844	1644701
2026-10-03T09:12:15.128Z	1765353600	37.349998474121094	38.15999984741211	37	38.040000915527344	37.75278091430664	2006879
2026-10-03T09:12:15.128Z	1765440000	38.29999923706055	38.779998779296875	37.91999816894531	38.43000030517578	38.139835357666016	2036508
2026-10-03T09:12:15.128Z	1765526400	38.66999816894531	39.77000045776367	38.52000045776367	38.70000076293945	38.40780258178711	2461412
2026-10-03T09:12:15.128Z	1765785600	39.29999923706055	39.5	38.779998779296875	39.25	38.953643798828125	1859351
2026-10-03T09:12:15.128Z	1765872000	39.0099983215332	39.54999923706055	38.66999816894531	38.779998779296875	38.4871940612793	2204398
2026-10-03T09:12:15.128Z	1765958400	39.02000045776367	39.29999923706055	38.209999084472656	38.209999084472656	37.9214973449707	1813391
2026-10-03T09:12:15.128Z	1766044800	38.279998779296875	38.75	38.06999969482422	38.709999084472656	38.417720794677734	1568164
2026-10-03T09:12:15.128Z	1766131200	38.22999954223633	38.59000015258789	38.0099983215332	38.09000015258789	37.80240249633789	2200854
2026-10-03T09:12:15.128Z	1766390400	38.400001525878906	38.400001525878906	37.68000030517578	38.34000015258789	38.05051803588867	1113460
2026-10-03T09:12:15.128Z	1766476800	38.04999923706055	38.279998779296875	37.880001068115234	38.2599983215332	37.97111892700195	746746
2026-10-03T09:12:15.128Z	1766563200	38.189998626708984	38.459999084472656	38.18000030517578	38.41999816894531	38.12990951538086	399385
2026-10-03T09:12:15.128Z	1766995200	38.849998474121094	39.02000045776367	38.380001068115234	38.689998626708984	38.39787292480469	1281661
2026-10-03T09:12:15.128Z	1767081600	38.689998626708984	39.119998931884766	38.5099983215332	39.02000045776367	38.725379943847656	767918
2026-10-03T09:12:15.128Z	1767168000	38.68000030517578	39.09000015258789	38.63999938964844	39.09000015258789	38.79485321044922	485902
2026-10-03T09:12:15.128Z	1767340800	38.95000076293945	39.97999954223633	38.72999954223633	39.86000061035156	39.55904006958008	1344902
2026-10-03T09:12:15.128Z	1767600000	40.650001525878906	40.81999969482422	39.459999084472656	39.459999084472656	39.16205978393555	1288385
2026-10-03T09:12:15.128Z	1767686400	39.5	39.81999969482422	39.25	39.63999938964844	39.340702056884766	1664097
2026-10-03T09:12:15.128Z	1767772800	40.709999084472656	41.540000915527344	40.529998779296875	41.41999816894531	41.10725784301758	3645868
2026-10-03T09:12:15.128Z	1767859200	40.900001525878906	40.93000030517578	39.83000183105469	40.2599983215332	39.956016540527344	1654050
2026-10-03T09:12:15.128Z	1767945600	40.5	40.65999984741211	40.08000183105469	40.380001068115234	40.07511520385742	1515640
2026-10-03T09:12:15.128Z	1768204800	40.34000015258789	41.20000076293945	40.040000915527344	41.150001525878906	40.839298248291016	1181760
2026-10-03T09:12:15.128Z	1768291200	40.86000061035156	41.560001373291016	40.439998626708984	41.290000915527344	40.97824478149414	1714193
2026-10-03T09:12:15.128Z	1768377600	41.900001525878906	41.90999984741211	41.13999938964844	41.86000061035156	41.543941497802734	2354322
2026-10-03T09:12:15.128Z	1768464000	41.900001525878906	42.5	41.45000076293945	42.130001068115234	41.8119010925293	1591324
2026-10-03T09:12:15.128Z	1768550400	41.84000015258789	42.529998779296875	41.650001525878906	42.09000015258789	41.77220153808594	2695141
2026-10-03T09:12:15.128Z	1768809600	41.43000030517578	42.189998626708984	41.43000030517578	42.040000915527344	41.72257995605469	1096412
2026-10-03T09:12:15.128Z	1768896000	41.75	41.88999938964844	41.279998779296875	41.599998474121094	41.2859001159668	1492707
2026-10-03T09:12:15.128Z	1768982400	42.099998474121094	43.619998931884766	42.02000045776367	43.58000183105469	43.250953674316406	3448258
2026-10-03T09:12:15.128Z	1769068800	44.02000045776367	46.459999084472656	43.880001068115234	46.349998474121094	46.00003433227539	4287224
2026-10-03T09:12:15.128Z	1769155200	45.630001068115234	46.29999923706055	45.400001525878906	45.970001220703125	45.62290954589844	2349163
2026-10-03T09:12:15.128Z	1769414400	45.7599983215332	46.630001068115234	45.290000915527344	45.61000061035156	45.265628814697266	1706746
2026-10-03T09:12:15.128Z	1769500800	45.5	46.2599983215332	44.84000015258789	46.2599983215332	45.91071701049805	1817783
2026-10-03T09:12:15.128Z	1769587200	46.5	46.900001525878906	46.060001373291016	46.779998779296875	46.426788330078125	1789062
2026-10-03T09:12:15.128Z	1769673600	47.470001220703125	48.11000061035156	45.52000045776367	45.7400016784668	45.3946418762207	2960354
2026-10-03T09:12:15.128Z	1769760000	45.7400016784668	46.279998779296875	45.099998474121094	45.97999954223633	45.63283157348633	2200334
2026-10-03T09:12:15.128Z	1770019200	44.41999816894531	47.81999969482422	44.310001373291016	47.790000915527344	47.42916488647461	2793602
2026-10-03T09:12:15.128Z	1770105600	48.11000061035156	48.84000015258789	47.939998626708984	48.70000076293945	48.33229064941406	1933370
2026-10-03T09:12:15.128Z	1770192000	47.95000076293945	48.81999969482422	47.16999816894531	47.540000915527344	47.181053161621094	2553667
2026-10-03T09:12:15.128Z	1770278400	47.02000045776367	49.36000061035156	46.849998474121094	49.0099983215332	48.63995361328125	3302604
2026-10-03T09:12:15.128Z	1770364800	49.349998474121094	51.63999938964844	48.93000030517578	51.20000076293945	50.813419342041016	2978187
2026-10-03T09:12:15.128Z	1770624000	51.79999923706055	51.959999084472656	50.47999954223633	51.720001220703125	51.329490661621094	1720007
2026-10-03T09:12:15.128Z	1770710400	51.7400016784668	53.31999969482422	51.47999954223633	52.7599983215332	52.36164093017578	2801628
2026-10-03T09:12:15.128Z	1770796800	53.279998779296875	56.7599983215332	53.18000030517578	55.2400016784668	54.822914123535156	3536179
2026-10-03T09:12:15.128Z	1770883200	56.279998779296875	56.439998626708984	52.380001068115234	52.47999954223633	52.22556686401367	3361408
2026-10-03T09:12:15.128Z	1770969600	51.91999816894531	52.380001068115234	49.959999084472656	52.13999938964844	51.8872184753418	3338344
2026-10-03T09:12:15.128Z	1771228800	51.47999954223633	53.36000061035156	51.15999984741211	53.220001220703125	52.961978912353516	1042389
2026-10-03T09:12:15.128Z	1771315200	53.29999923706055	53.68000030517578	51.86000061035156	53.68000030517578	53.41975021362305	1985872
2026-10-03T09:12:15.128Z	1771401600	54	55.939998626708984	53.880001068115234	55.939998626708984	55.668792724609375	2491299
2026-10-03T09:12:15.128Z	1771488000	55.040000915527344	55.36000061035156	54.119998931884766	54.47999954223633	54.21586990356445	1388614
2026-10-03T09:12:15.128Z	1771574400	54.47999954223633	55.86000061035156	54.220001220703125	54.779998779296875	54.51441192626953	2475536
2026-10-03T09:12:15.128Z	1771833600	55.099998474121094	56.68000030517578	54.29999923706055	56.47999954223633	56.206172943115234	2941665
2026-10-03T09:12:15.128Z	1771920000	56.58000183105469	56.70000076293945	55.619998931884766	55.939998626708984	55.668792724609375	1418455
2026-10-03T09:12:15.128Z	1772006400	55.52000045776367	57.41999816894531	55.20000076293945	56.91999816894531	56.644039154052734	1736163
2026-10-03T09:12:15.128Z	1772092800	56.400001525878906	57.060001373291016	55.099998474121094	55.65999984741211	55.3901481628418	2586073
2026-10-03T09:12:15.128Z	1772179200	55.939998626708984	56.63999938964844	54.7599983215332	55.47999954223633	55.211021423339844	5252201
2026-10-03T09:12:15.128Z	1772438400	53.939998626708984	55.720001220703125	53.2599983215332	54.540000915527344	54.27558135986328	2071069
2026-10-03T09:12:15.128Z	1772524800	53	53.2599983215332	49.52000045776367	50.380001068115234	50.13574981689453	3993176
2026-10-03T09:12:15.128Z	1772611200	49.959999084472656	53.2400016784668	49.689998626708984	52.900001525878906	52.64353561401367	2892708
2026-10-03T09:12:15.128Z	1772697600	52.15999984741211	53.79999923706055	49.310001373291016	49.310001373291016	49.07093811035156	4047718
2026-10-03T09:12:15.128Z	1772784000	49.75	50.119998931884766	47.66999816894531	47.900001525878906	47.66777420043945	3186289
2026-10-03T09:12:15.128Z	1773043200	43.349998474121094	46.13999938964844	43.150001525878906	46.040000915527344	45.81678771972656	3907953
2026-10-03T09:12:15.128Z	1773129600	48.66999816894531	49.47999954223633	48.18000030517578	49.459999084472656	49.22020721435547	3363593
2026-10-03T09:12:15.128Z	1773216000	48.93000030517578	49.720001220703125	48.369998931884766	48.790000915527344	48.5534553527832	1748552
2026-10-03T09:12:15.128Z	1773302400	48.18000030517578	48.439998626708984	45.099998474121094	46.72999954223633	46.50344467163086	3349780
2026-10-03T09:12:15.128Z	1773388800	45.81999969482422	46.43000030517578	44.529998779296875	44.72999954223633	44.51314163208008	2668381
2026-10-03T09:12:15.128Z	1773648000	44.099998474121094	45.619998931884766	43.900001525878906	44.869998931884766	44.652462005615234	2015890
2026-10-03T09:12:15.128Z	1773734400	44.5	46	44.279998779296875	45.189998626708984	44.970909118652344	1583638
2026-10-03T09:12:15.128Z	1773820800	45.90999984741211	46.2599983215332	44.47999954223633	45.59000015258789	45.36897277832031	2132273
2026-10-03T09:12:15.128Z	1773907200	44.0099983215332	44.09000015258789	41.90999984741211	42.7599983215332	42.55268859863281	3153144
2026-10-03T09:12:15.128Z	1773993600	43.540000915527344	44.31999969482422	41.52000045776367	42.0099983215332	41.80632781982422	5169572
2026-10-03T09:12:15.128Z	1774252800	40.02000045776367	45.369998931884766	39.84000015258789	44.209999084472656	43.99565887451172	4174938
2026-10-03T09:12:15.128Z	1774339200	44.290000915527344	45.290000915527344	43.75	45.22999954223633	45.01071548461914	2397869
2026-10-03T09:12:15.128Z	1774425600	46.45000076293945	46.630001068115234	45.470001220703125	46.09000015258789	45.866546630859375	1970304
2026-10-03T09:12:15.128Z	1774512000	44.849998474121094	45.11000061035156	44.150001525878906	44.4900016784668	44.27430725097656	1818934
2026-10-03T09:12:15.128Z	1774598400	44.720001220703125	44.779998779296875	42.97999954223633	43.5099983215332	43.29905700683594	2324422
2026-10-03T09:12:15.128Z	1774854000	43.47999954223633	43.93000030517578	42.68000030517578	43.150001525878906	42.94080352783203	2438093
2026-10-03T09:12:15.128Z	1774940400	42.52000045776367	44.029998779296875	42.27000045776367	43.84000015258789	43.62745666503906	2153931
2026-10-03T09:12:15.128Z	1775026800	46.36000061035156	46.959999084472656	45.599998474121094	46.65999984741211	46.43378448486328	2797582
2026-10-03T09:12:15.128Z	1775113200	44.7400016784668	46.45000076293945	44.5	45.65999984741211	45.438629150390625	1782764
2026-10-03T09:12:15.128Z	1775545200	45.970001220703125	47.150001525878906	45.31999969482422	45.63999938964844	45.41872787475586	1784698
2026-10-03T09:12:15.128Z	1775631600	52.02000045776367	53.119998931884766	50.08000183105469	51.5	51.25031661987305	6723036
2026-10-03T09:12:15.128Z	1775718000	51.099998474121094	51.65999984741211	50.15999984741211	50.7400016784668	50.49400329589844	1926002
2026-10-03T09:12:15.128Z	1775804400	50.70000076293945	52.29999923706055	49.650001525878906	52.040000915527344	51.78770065307617	2739680
2026-10-03T09:12:15.128Z	1776063600	51.13999938964844	52.13999938964844	50.599998474121094	51.68000030517578	51.429447174072266	1538626
2026-10-03T09:12:15.128Z	1776150000	52.400001525878906	52.84000015258789	52.099998474121094	52.81999969482422	52.56391906738281	2076263
2026-10-03T09:12:15.128Z	1776236400	52.880001068115234	53.2400016784668	51.84000015258789	52.279998779296875	52.02653503417969	1762974
2026-10-03T09:12:15.128Z	1776322800	52.7400016784668	52.97999954223633	50.84000015258789	51.040000915527344	50.79254913330078	2228382
2026-10-03T09:12:15.128Z	1776409200	50.79999923706055	53.599998474121094	50.060001373291016	53.439998626708984	53.180908203125	2778834
2026-10-03T09:12:15.128Z	1776668400	51.7599983215332	53.060001373291016	51.29999923706055	52.900001525878906	52.64353561401367	2009210
2026-10-03T09:12:15.128Z	1776754800	53.02000045776367	53.34000015258789	51.81999969482422	52.34000015258789	52.086246490478516	1639047
2026-10-03T09:12:15.128Z	1776841200	52.91999816894531	53.36000061035156	51.81999969482422	52.2599983215332	52.006629943847656	1607788
2026-10-03T09:12:15.128Z	1776927600	51.52000045776367	52.5	50.81999969482422	51.779998779296875	51.528961181640625	1587759
2026-10-03T09:12:15.128Z	1777014000	50.7400016784668	51.29999923706055	49.77000045776367	50.47999954223633	50.23526382446289	1500459
2026-10-03T09:12:15.128Z	1777273200	50.7599983215332	51.31999969482422	50.02000045776367	50.29999923706055	50.05613708496094	1252955
2026-10-03T09:12:15.128Z	1777359600	50.5	50.619998931884766	48.779998779296875	49.31999969482422	49.08088684082031	1612728
2026-10-03T09:12:15.128Z	1777446000	49.5	50	48.70000076293945	48.970001220703125	48.73258590698242	1336415
2026-10-03T09:12:15.128Z	1777532400	47.279998779296875	50.15999984741211	47.13999938964844	49.2400016784668	49.00127410888672	3565248
2026-10-03T09:12:15.128Z	1777878000	49.66999816894531	50.459999084472656	47.43000030517578	47.59000015258789	47.359275817871094	2592115
2026-10-03T09:12:15.128Z	1777964400	47.61000061035156	49.58000183105469	47.529998779296875	49.58000183105469	49.339630126953125	2056545
2026-10-03T09:12:15.128Z	1778050800	50.63999938964844	54.15999984741211	50.619998931884766	53.560001373291016	53.300331115722656	3871638
2026-10-03T09:12:15.128Z	1778137200	53.97999954223633	54.720001220703125	53.279998779296875	53.31999969482422	53.06149673461914	2304696
2026-10-03T09:12:15.128Z	1778223600	52.65999984741211	53.2599983215332	51.939998626708984	52.060001373291016	51.8076057434082	1961980
2026-10-03T09:12:15.128Z	1778482800	52.36000061035156	53.279998779296875	51.58000183105469	52.79999923706055	52.54401397705078	2056519
2026-10-03T09:12:15.128Z	1778569200	52.13999938964844	53.34000015258789	51.15999984741211	51.2599983215332	51.15681457519531	2536561
2026-10-03T09:12:15.128Z	1778655600	53	54.900001525878906	52.459999084472656	54.900001525878906	54.78948974609375	2133445
2026-10-03T09:12:15.128Z	1778742000	54.959999084472656	55.720001220703125	54.47999954223633	55	54.889286041259766	1480319
2026-10-03T09:12:15.128Z	1778828400	53.79999923706055	53.97999954223633	51.560001373291016	52.2400016784668	52.13484573364258	2417685
2026-10-03T09:12:15.128Z	1779087600	51.540000915527344	53.2400016784668	51.279998779296875	52.599998474121094	52.494117736816406	1808974
2026-10-03T09:12:15.128Z	1779174000	52.400001525878906	53.880001068115234	50.63999938964844	51.2599983215332	51.15681457519531	2331987
2026-10-03T09:12:15.128Z	1779260400	51.599998474121094	54.5	51.5	53.79999923706055	53.69169998168945	2520993
2026-10-03T09:12:15.128Z	1779346800	53.900001525878906	54.959999084472656	53.220001220703125	54.540000915527344	54.430213928222656	1814436
2026-10-03T09:12:15.128Z	1779433200	55	56.779998779296875	54.400001525878906	56.779998779296875	56.66570281982422	2796260
2026-10-03T09:12:15.128Z	1779692400	57.91999816894531	58.41999816894531	57.41999816894531	58.2400016784668	58.122764587402344	1111944
2026-10-03T09:12:15.128Z	1779778800	58.41999816894531	58.81999969482422	57.70000076293945	58.08000183105469	57.96308898925781	1742239
2026-10-03T09:12:15.128Z	1779865200	58.7599983215332	59.060001373291016	57.41999816894531	58.20000076293945	58.082847595214844	1690056
2026-10-03T09:12:15.128Z	1779951600	58.040000915527344	59.2599983215332	57.439998626708984	59.2599983215332	59.140708923339844	1679018
2026-10-03T09:12:15.128Z	1780038000	59.599998474121094	60.2599983215332	58.97999954223633	59.31999969482422	59.200592041015625	3795712
2026-10-03T09:12:15.128Z	1780297200	59.36000061035156	60.119998931884766	58.41999816894531	60.060001373291016	59.93910217285156	2643162
2026-10-03T09:12:15.128Z	1780383600	60.380001068115234	61.81999969482422	59.84000015258789	61.31999969482422	61.196563720703125	1939373
2026-10-03T09:12:15.128Z	1780470000	60.939998626708984	62.2400016784668	60.279998779296875	61.2599983215332	61.13668441772461	2460952
2026-10-03T09:12:15.128Z	1780556400	61.779998779296875	62.599998474121094	60.2400016784668	62.13999938964844	62.01491165161133	2063436
2026-10-03T09:12:15.128Z	1780642800	61	61.20000076293945	59.119998931884766	59.220001220703125	59.100791931152344	2633841
2026-10-03T09:12:15.128Z	1780902000	57.779998779296875	59.619998931884766	57.5	58.7400016784668	58.621761322021484	1925443
2026-10-03T09:12:15.128Z	1780988400	58.7599983215332	59.400001525878906	56.400001525878906	56.400001525878906	56.286468505859375	1509142
2026-10-03T09:12:15.128Z	1781074800	56.400001525878906	56.58000183105469	55.15999984741211	55.70000076293945	55.5878791809082	2643291
2026-10-03T09:12:15.128Z	1781161200	55.959999084472656	57.65999984741211	55.959999084472656	57.2400016784668	57.124778747558594	2308335
2026-10-03T09:12:15.128Z	1781247600	59	60.65999984741211	57.91999816894531	60.599998474121094	60.47801208496094	3134646
2026-10-03T09:12:15.128Z	1781506800	62.5	62.58000183105469	59.7599983215332	59.91999816894531	59.799381256103516	2171629
2026-10-03T09:12:15.128Z	1781593200	59.70000076293945	59.97999954223633	58.939998626708984	59.220001220703125	59.100791931152344	1631515
2026-10-03T09:12:15.128Z	1781679600	59.099998474121094	59.099998474121094	56.86000061035156	57.81999969482422	57.703609466552734	3216148
2026-10-03T09:12:15.128Z	1781766000	57.36000061035156	57.900001525878906	55.31999969482422	55.86000061035156	55.747554779052734	3064472
2026-10-03T09:12:15.128Z	1781852400	55.380001068115234	56.15999984741211	54.939998626708984	54.97999954223633	54.869327545166016	3817928
2026-10-03T09:12:15.128Z	1782111600	55.65999984741211	56.08000183105469	54.720001220703125	55.5	55.38827896118164	1757758
2026-10-03T09:12:15.128Z	1782198000	54.13999938964844	56	53.880001068115234	55.84000015258789	55.727596282958984	2076147
2026-10-03T09:12:15.128Z	1782284400	55.779998779296875	55.86000061035156	53.099998474121094	54.220001220703125	54.11085891723633	1946196
2026-10-03T09:12:15.128Z	1782370800	54.279998779296875	54.70000076293945	53.65999984741211	54.279998779296875	54.17073440551758	1242709
2026-10-03T09:12:15.128Z	1782457200	53.97999954223633	54.36000061035156	52.08000183105469	52.52000045776367	52.41427993774414	2224710
2026-10-03T09:12:15.128Z	1782716400	52.720001220703125	53.36000061035156	51.2400016784668	51.5	51.396331787109375	1724613
2026-10-03T09:12:15.128Z	1782802800	52.34000015258789	53.47999954223633	51.7400016784668	52.70000076293945	52.59391784667969	1797275
2026-10-03T09:12:15.128Z	1782889200	52.459999084472656	53.779998779296875	51.720001220703125	52.040000915527344	51.935245513916016	1512649
2026-10-03T09:12:15.128Z	1782975600	52.31999969482422	55.36000061035156	52.040000915527344	55.34000015258789	55.22860336303711	3860192
2026-10-03T09:12:15.128Z	1783062000	55.81999969482422	58.599998474121094	55.79999923706055	58.599998474121094	58.48204040527344	3128691
2026-10-03T09:12:15.128Z	1783321200	57.68000030517578	57.97999954223633	56.560001373291016	56.959999084472656	56.845340728759766	1762234
2026-10-03T09:12:15.128Z	1783407600	56.47999954223633	57.63999938964844	56.099998474121094	56.119998931884766	56.00703048706055	1341120
2026-10-03T09:12:15.128Z	1783494000	55.84000015258789	56.2400016784668	53.599998474121094	53.599998474121094	53.492103576660156	2256146
2026-10-03T09:12:15.128Z	1783580400	55.540000915527344	55.540000915527344	53.939998626708984	54.52000045776367	54.41025161743164	1241029
2026-10-03T09:12:15.128Z	1783666800	56.5	58.2599983215332	56.2400016784668	58.02000045776367	57.9032096862793	2524562
2026-10-03T09:12:15.128Z	1783926000	57	58.36000061035156	56.720001220703125	58.040000915527344	57.92316818237305	1285290
2026-10-03T09:12:15.128Z	1784012400	57.959999084472656	59.599998474121094	57.779998779296875	58.720001220703125	58.60179901123047	1634924
2026-10-03T09:12:15.128Z	1784098800	58.540000915527344	59.63999938964844	58	58.560001373291016	58.44212341308594	1592486
2026-10-03T09:12:15.128Z	1784185200	59.20000076293945	59.36000061035156	57.119998931884766	57.939998626708984	57.823368072509766	1092970
2026-10-03T09:12:15.128Z	1784271600	56.5	58.13999938964844	56.13999938964844	57.97999954223633	57.86328887939453	2978244
2026-10-03T09:12:15.128Z	1784530800	57.63999938964844	59.97999954223633	57.34000015258789	58.2400016784668	58.122764587402344	1732012
2026-10-03T09:12:15.128Z	1784617200	58.7599983215332	58.880001068115234	57.040000915527344	57.86000061035156	57.7435302734375	1577707
2026-10-03T09:12:15.128Z	1784703600	57.400001525878906	58.599998474121094	56.779998779296875	58.2400016784668	58.122764587402344	1189196
2026-10-03T09:12:15.128Z	1784790000	58.02000045776367	58.7400016784668	56.900001525878906	57.84000015258789	57.72357177734375	1592135
2026-10-03T09:12:15.128Z	1784876400	57.599998474121094	59.41999816894531	57.599998474121094	58.939998626708984	58.821353912353516	1740941
2026-10-03T09:12:15.128Z	1785135600	60	60.279998779296875	58.02000045776367	58.15999984741211	58.04292678833008	1449420
2026-10-03T09:12:15.128Z	1785222000	58.7400016784668	59.540000915527344	58.060001373291016	59.060001373291016	58.94111633300781	1345510
2026-10-03T09:12:15.128Z	1785308400	59.099998474121094	59.41999816894531	57.439998626708984	57.779998779296875	57.66368865966797	1880034
2026-10-03T09:12:15.128Z	1785394800	57.099998474121094	60.040000915527344	56.79999923706055	59.599998474121094	59.48002624511719	2398246
2026-10-03T09:12:15.128Z	1785481200	60.119998931884766	61.380001068115234	58.91999816894531	60.7400016784668	60.617733001708984	2554843
2026-10-03T09:12:15.128Z	1785740400	61.5	62.959999084472656	60.52000045776367	61.81999969482422	61.695556640625	1637021
2026-10-03T09:12:15.128Z	1785826800	62.7400016784668	64.95999908447266	62.400001525878906	64.44000244140625	64.31028747558594	1757060
2026-10-03T09:12:15.128Z	1785913200	65.0199966430664	65.23999786376953	63.7599983215332	64.5999984741211	64.46996307373047	1946892
2026-10-03T09:12:15.128Z	1785999600	64.77999877929688	64.86000061035156	63.7599983215332	63.86000061035156	63.86000061035156	1730948
2026-10-03T09:12:15.128Z	1786086000	63.34000015258789	64.45999908447266	62.459999084472656	62.97999954223633	62.97999954223633	1692330
2026-10-03T09:12:15.128Z	1786345200	63.13999938964844	64.22000122070312	62.720001220703125	64.22000122070312	64.22000122070312	1276792
2026-10-03T09:12:15.128Z	1786431600	64.44000244140625	65.16000366210938	64.05999755859375	64.18000030517578	64.18000030517578	1123440
2026-10-03T09:12:15.128Z	1786518000	64.5199966430664	65.16000366210938	64.0199966430664	64.18000030517578	64.18000030517578	1231015
2026-10-03T09:12:15.128Z	1786604400	64.16000366210938	64.5199966430664	63.65999984741211	63.65999984741211	63.65999984741211	1049618
2026-10-03T09:12:15.128Z	1786690800	63.560001373291016	64.44000244140625	62.439998626708984	63.7400016784668	63.7400016784668	981756
2026-10-03T09:12:15.128Z	1786950000	64.19999694824219	64.5999984741211	62.13999938964844	63.31999969482422	63.31999969482422	1165600
2026-10-03T09:12:15.128Z	1787036400	63.08000183105469	64.23999786376953	61.459999084472656	61.7400016784668	61.7400016784668	1353176
2026-10-03T09:12:15.128Z	1787122800	62.560001373291016	63.31999969482422	61.81999969482422	62.2400016784668	62.2400016784668	1172547
2026-10-03T09:12:15.128Z	1787209200	63.86000061035156	64.16000366210938	59.34000015258789	61.15999984741211	61.15999984741211	2008627
2026-10-03T09:12:15.128Z	1787295600	61.380001068115234	63.400001525878906	61.20000076293945	62.58000183105469	62.58000183105469	1442282
2026-10-03T09:12:15.128Z	1787554800	61.2599983215332	63.400001525878906	61.119998931884766	62.79999923706055	62.79999923706055	1225532
2026-10-03T09:12:15.128Z	1787641200	62.540000915527344	63.34000015258789	62.29999923706055	62.560001373291016	62.560001373291016	1129468
2026-10-03T09:12:15.128Z	1787727600	63.2400016784668	65.22000122070312	63.20000076293945	64.55999755859375	64.55999755859375	1808205
2026-10-03T09:12:15.128Z	1787814000	64.5999984741211	64.69999694824219	63.65999984741211	63.900001525878906	63.900001525878906	1153897
2026-10-03T09:12:15.128Z	1787900400	64.12000274658203	64.87999725341797	64.12000274658203	64.5999984741211	64.5999984741211	1297530
2026-10-03T09:12:15.128Z	1788159600	64.55999755859375	65.4000015258789	63.939998626708984	64.0999984741211	64.0999984741211	1767333
2026-10-03T09:12:15.128Z	1788246000	64.5	65.23999786376953	62.439998626708984	63.7400016784668	63.7400016784668	1243867
2026-10-03T09:12:15.128Z	1788332400	63.099998474121094	64.86000061035156	62.040000915527344	64.26000213623047	64.26000213623047	1164526
2026-10-03T09:12:15.128Z	1788418800	64.5999984741211	66.04000091552734	64.54000091552734	65.66000366210938	65.66000366210938	1774506
2026-10-03T09:12:15.128Z	1788505200	65.5199966430664	68.41999816894531	65.27999877929688	67.23999786376953	67.23999786376953	2378796
2026-10-03T09:12:15.128Z	1788764400	67.58000183105469	68.19999694824219	67	67.54000091552734	67.54000091552734	1000827
2026-10-03T09:12:15.128Z	1788850800	67.5199966430664	68.55999755859375	66.37999725341797	66.87999725341797	66.87999725341797	1593393
2026-10-03T09:12:15.128Z	1788937200	66.5	67.36000061035156	65.44000244140625	66.41999816894531	66.41999816894531	1399997
2026-10-03T09:12:15.128Z	1789023600	65.94000244140625	66.33999633789062	64.06999969482422	64.68000030517578	64.68000030517578	1430472
2026-10-03T09:12:15.128Z	1789110000	64.87999725341797	65.4800033569336	63.720001220703125	64.36000061035156	64.36000061035156	1275907
2026-10-03T09:12:15.128Z	1789369200	63.2599983215332	64.0999984741211	61.91999816894531	62.63999938964844	62.63999938964844	1451561
2026-10-03T09:12:15.128Z	1789455600	62.65999984741211	64.0199966430664	62.119998931884766	63.2400016784668	63.2400016784668	1211633
2026-10-03T09:12:15.128Z	1789542000	63.959999084472656	65.04000091552734	63.29999923706055	64.68000030517578	64.68000030517578	1427308
2026-10-03T09:12:15.128Z	1789628400	64.36000061035156	65.94000244140625	64.36000061035156	65.54000091552734	65.54000091552734	1477341
2026-10-03T09:12:15.128Z	1789714800	65.37999725341797	65.66000366210938	63.02000045776367	63.119998931884766	63.119998931884766	2857845
2026-10-03T09:12:15.128Z	1789974000	63.70000076293945	64.16000366210938	62.81999969482422	62.86000061035156	62.86000061035156	1081859
2026-10-03T09:12:15.128Z	1790060400	63.15999984741211	65	62.52000045776367	63.81999969482422	63.81999969482422	1189858
2026-10-03T09:12:15.128Z	1790146800	64.19999694824219	64.30000305175781	62.959999084472656	63.380001068115234	63.380001068115234	1032597
2026-10-03T09:12:15.128Z	1790233200	62.900001525878906	63.7599983215332	62	62	62	1183522
2026-10-03T09:12:15.128Z	1790319600	63	63.779998779296875	61.779998779296875	61.779998779296875	61.779998779296875	1191480
2026-10-03T09:12:15.128Z	1790578800	61.29999923706055	61.84000015258789	59.65999984741211	61.29999923706055	61.29999923706055	2541333
2026-10-03T09:12:15.128Z	1790665200	61.7599983215332	62.08000183105469	59.81999969482422	59.81999969482422	59.81999969482422	1681730
2026-10-03T09:12:15.128Z	1790751600	59.97999954223633	60.459999084472656	59.18000030517578	59.36000061035156	59.36000061035156	1253769
2026-10-03T09:12:15.128Z	1790838000	59	59.619998931884766	56.52000045776367	56.7400016784668	56.7400016784668	2277560
2026-10-03T09:12:15.128Z	1790924400	57.119998931884766	58.02000045776367	56.400001525878906	57.279998779296875	57.279998779296875	1760241
