date,close,volume,currency
2026-08-21,51.8,NOK,2026-08-22T07:39:02.876Z
2026-08-28,50.3,NOK,2026-08-29T10:47:59.069Z
2026-09-04,50,NOK,2026-09-05T13:37:54.104Z
2026-09-11,56.8,NOK,2026-09-13T06:17:10.326Z
2026-09-18,59.5,NOK,2026-09-19T16:10:04.722Z
2026-09-22,62.5,NOK,2026-09-22T15:00:31.849Z
2026-09-23,61.5,NOK,2026-09-23T20:08:26.888Z
2026-09-25,62.1,NOK,2026-09-27T08:42:46.246Z
2026-09-28,62.3,NOK,2026-09-28T18:16:09.323Z
2026-09-29,61.5,NOK,2026-09-29T09:04:29.591Z
2026-10-02,65.5,NOK,2026-10-03T09:31:44.267Z
2026-10-09,61.2,NOK,2026-10-10T09:28:52.564Z
