accn	form	filed	acceptedAt	reportDate	fy	fp	primaryDoc	facts	sha256	firstSeen	origin	via
0001193125-09-221583	10-Q	2009-11-03	2009-11-03T16:39:57.000Z	2009-09-30	2010	Q1	d10q.htm	185	fd06f34043e2bea9ad35af440795e64cef85a348f2e38dd1fcd707f8f3c6bf14	2026-09-27T09:11:32.839Z	backfill	companyfacts
0001193125-10-021720	10-Q	2010-02-04	2010-02-04T15:12:10.000Z	2009-12-31	2010	Q2	d10q.htm	213	4ae0d925f96c2da52be14c36909a556752d85e29420e23b5260d915a7ac5f8aa	2026-09-27T09:11:32.839Z	backfill	companyfacts
0001193125-10-107930	10-Q	2010-05-05	2010-05-05T13:33:50.000Z	2010-03-31	2010	Q3	d10q.htm	210	d1fb66680b0b0644c6b3e3c6a9bf1dd643bbe46fd6287004be417954ab738fa0	2026-09-27T09:11:32.839Z	backfill	companyfacts
0001193125-10-197800	10-K	2010-08-26	2010-08-26T14:03:06.000Z	2010-06-30	2010	FY	d10k.htm	644	a59d5a9e118ee7d2875e0424a8c979ff44ba2856becf012a1f7cd673c688e476	2026-09-27T09:11:32.839Z	backfill	companyfacts
0001193125-10-251281	10-Q	2010-11-08	2010-11-08T14:26:41.000Z	2010-09-30	2011	Q1	d10q.htm	242	f05696968a2e5eb3e869a9a8f577bb6d9b685dbf10bdbf2136d1d6fb76da6ad6	2026-09-27T09:11:32.839Z	backfill	companyfacts
0001193125-11-026727	10-Q	2011-02-08	2011-02-08T14:43:01.000Z	2010-12-31	2011	Q2	d10q.htm	312	9e93b767690f4937a359c01f60302f926745a52e937498edd4e4c379b8f83b4a	2026-09-27T09:11:32.839Z	backfill	companyfacts
0001193125-11-133443	10-Q	2011-05-10	2011-05-10T13:06:48.000Z	2011-03-31	2011	Q3	d10q.htm	310	50dacd976f2b0d91cbde76a92c3b1630b3c6fcf88ef516752006afb40b7bfe31	2026-09-27T09:11:32.839Z	backfill	companyfacts
0001193125-11-233381	10-K	2011-08-26	2011-08-26T13:17:15.000Z	2011-06-30	2011	FY	d10k.htm	618	008962b3cc6abde1368b8ad5773143308e7bfa9cf9212bf167a2bd5f1d136933	2026-09-27T09:11:32.839Z	backfill	companyfacts
0001193125-11-303648	10-Q	2011-11-09	2011-11-09T15:42:54.000Z	2011-09-30	2012	Q1	d231608d10q.htm	249	ad1a6619bb97e928a1484a107c39a195a77b4d1fd28ce8be70c26b0128490d74	2026-09-27T09:11:32.839Z	backfill	companyfacts
0001193125-12-045352	10-Q	2012-02-08	2012-02-08T14:16:51.000Z	2011-12-31	2012	Q2	d267066d10q.htm	303	bf7ecb60071c7c0ce53bf609b2891bd3ff6ea939834c3162a60c9004e1e51be7	2026-09-27T09:11:32.839Z	backfill	companyfacts
0001193125-12-220458	10-Q	2012-05-09	2012-05-09T12:47:52.000Z	2012-03-31	2012	Q3	d312066d10q.htm	307	3611c6ffc5ca9dd15d9d8afe679c062bfe50a72f978518ab7e196d3c8846baa0	2026-09-27T09:11:32.839Z	backfill	companyfacts
0000076334-12-000064	10-K	2012-08-24	2012-08-24T13:36:46.000Z	2012-06-30	2012	FY	ph630201210k.htm	629	6b14232e12f85003867e45382db50c134707ff775f21aa7f8140997d58f9b19d	2026-09-27T09:11:32.839Z	backfill	companyfacts
0000076334-12-000089	10-Q	2012-11-02	2012-11-02T14:47:14.000Z	2012-09-30	2013	Q1	ph-10qxq1.htm	254	5391017c8b06f19e4f7518c5f5b6ca50968ee72037f4e827cd062ca4d1527f5f	2026-09-27T09:11:32.839Z	backfill	companyfacts
0000076334-13-000030	10-Q	2013-02-06	2013-02-06T14:38:57.000Z	2012-12-31	2013	Q2	ph-10qxq21.htm	325	21eeb7de0016cb313c90d3be298f7d9718c9168e844a302de8a42acf4fb7c61e	2026-09-27T09:11:32.839Z	backfill	companyfacts
0000076334-13-000072	10-Q	2013-05-07	2013-05-07T13:05:59.000Z	2013-03-31	2013	Q3	ph-10qxq3.htm	325	ee8f86b5e63f296eadc308acf8f1534c20e0f20bc25866cc52dd89d43d2eb40a	2026-09-27T09:11:32.839Z	backfill	companyfacts
0000076334-13-000157	10-K	2013-08-29	2013-08-29T15:03:04.000Z	2013-06-30	2013	FY	ph630201310k.htm	645	0efd4632d0673e0841ee4199dd6e0aca9701bdd2ab84dfdaef3b72dbeda49b20	2026-09-27T09:11:32.839Z	backfill	companyfacts
0000076334-13-000188	10-Q	2013-11-04	2013-11-04T18:05:58.000Z	2013-09-30	2014	Q1	ph-10qxq19302013.htm	253	3eb1546d903bfb219cd382a36fe718f4366034a588b27d901d83359883ee6d3d	2026-09-27T09:11:32.839Z	backfill	companyfacts
0000076334-14-000013	10-Q	2014-02-07	2014-02-07T15:45:33.000Z	2013-12-31	2014	Q2	ph-10qxq212312013.htm	339	c654e510fc4236fcb3383df4aa069e1ba24075bf15624886704f2bf117b66fef	2026-09-27T09:11:32.839Z	backfill	companyfacts
0000076334-14-000045	10-Q	2014-05-06	2014-05-06T16:52:19.000Z	2014-03-31	2014	Q3	ph-10qxq33312014.htm	343	7386c3980d7047a709f5e386d02719028bd5c39d571dde2e2e5fb721a6ee2c34	2026-09-27T09:11:32.839Z	backfill	companyfacts
0000076334-14-000114	10-K	2014-08-22	2014-08-22T15:33:15.000Z	2014-06-30	2014	FY	ph630201410k.htm	667	025abb865ce4ab1f1120dee0ebebdfdf3fa65e796a65cc4cea8cc189e366cf19	2026-09-27T09:11:32.839Z	backfill	companyfacts
0000076334-14-000136	10-Q	2014-10-31	2014-10-31T15:23:46.000Z	2014-09-30	2015	Q1	ph-10qxq19302014.htm	264	095fb81639350de170ef832ddeaf6b3a3fcdc5738becf00739660ac52b392562	2026-09-27T09:11:32.839Z	backfill	companyfacts
0000076334-15-000011	10-Q	2015-02-06	2015-02-06T19:19:11.000Z	2014-12-31	2015	Q2	ph-10qxq212312014.htm	352	f44467843078868e291fe610515b47af65a4e479a98f1d18775cb637874a2a92	2026-09-27T09:11:32.839Z	backfill	companyfacts
0000076334-15-000037	10-Q	2015-05-08	2015-05-08T14:45:11.000Z	2015-03-31	2015	Q3	ph-10qxq303312015.htm	350	20716d51f5d54cb60344b3c476252b7fdb80e4517454680fac23cabb37b572dc	2026-09-27T09:11:32.839Z	backfill	companyfacts
0000076334-15-000079	10-K	2015-08-26	2015-08-26T14:59:12.000Z	2015-06-30	2015	FY	ph630201510k.htm	682	46d2f306d3a8b3ea8356bd9f1e1820f769034ce76bdda50eab3ededbfd367ab6	2026-09-27T09:11:32.839Z	backfill	companyfacts
0000076334-15-000104	10-Q	2015-11-03	2015-11-03T16:19:47.000Z	2015-09-30	2016	Q1	ph-10qxq109302015.htm	263	2257849a4dcd6f7c9bd63be498da7ebcff3f8b65c47920527c4f319a078d56f7	2026-09-27T09:11:32.839Z	backfill	companyfacts
0000076334-16-000116	10-Q	2016-02-03	2016-02-03T16:48:41.000Z	2015-12-31	2016	Q2	ph-10qxq212312015.htm	329	6e5e7bc1c21a17d456e27a3d0daef4b75aaa54f12413933b4dc433d3ac718a07	2026-09-27T09:11:32.839Z	backfill	companyfacts
0000076334-16-000153	10-Q	2016-05-05	2016-05-05T13:50:19.000Z	2016-03-31	2016	Q3	ph-10qxq33312016.htm	329	ce6ae2f3c4fb136855d0307c1919d4fb5d6dd88992c6d56f1dfa67f55a477282	2026-09-27T09:11:32.839Z	backfill	companyfacts
0000076334-16-000196	10-K	2016-08-26	2016-08-26T13:46:15.000Z	2016-06-30	2016	FY	ph630201610-k.htm	657	ad2930ee59034641c7b7056d5a23990c8ec22c4d3b5d389e2f8771244d792ace	2026-09-27T09:11:32.839Z	backfill	companyfacts
0000076334-16-000220	10-Q	2016-11-01	2016-11-01T14:57:21.000Z	2016-09-30	2017	Q1	ph-10qxq19302016.htm	256	a05e62ea68ba54f35d557ebd8b8309c4c52cef2ce94fa3ef05b890b6a9d02aab	2026-09-27T09:11:32.839Z	backfill	companyfacts
0000076334-17-000012	10-Q	2017-02-07	2017-02-07T15:19:54.000Z	2016-12-31	2017	Q2	ph-10qxq212312016.htm	286	e30205477fdc0a09d9746da929e112fd76f4d85a3104ee9db7dae3e270efd56e	2026-09-27T09:11:32.839Z	backfill	companyfacts
0000076334-17-000053	10-Q	2017-05-09	2017-05-09T15:15:49.000Z	2017-03-31	2017	Q3	ph-10qxq33312017.htm	334	0896949c3d240fd3105e75e1a50430e876be9f69c978da9deeb7a8288b6702cd	2026-09-27T09:11:32.839Z	backfill	companyfacts
0000076334-17-000095	10-K	2017-08-25	2017-08-25T15:07:02.000Z	2017-06-30	2017	FY	ph630201710-k.htm	652	d385f8c689fb38368eacb90d9b9a912f57d0789e16294b7f8687054f211ac78f	2026-09-27T09:11:32.839Z	backfill	companyfacts
0000076334-17-000132	10-Q	2017-11-08	2017-11-08T14:21:24.000Z	2017-09-30	2018	Q1	ph-10qxq19302017.htm	257	1ce0a2614f0d8c1c3231cc6cee086d2f8bb0c9d79d314bc9d8397cacf09c84d1	2026-09-27T09:11:32.839Z	backfill	companyfacts
0000076334-18-000011	10-Q	2018-02-08	2018-02-08T14:45:02.000Z	2017-12-31	2018	Q2	ph-10qxq212312017.htm	329	3c22cb82ced777f51618f2f7d1e1f98a1c751ad23bf82c065d268cb46f88d6a0	2026-09-27T09:11:32.839Z	backfill	companyfacts
0000076334-18-000046	10-Q	2018-05-02	2018-05-02T13:07:59.000Z	2018-03-31	2018	Q3	ph-10qxq33312018.htm	332	6beefd98ba47b1a4770dc0fc5a75afe9f430fd0bb4e6e3bfaadaf710c9547d9d	2026-09-27T09:11:32.839Z	backfill	companyfacts
0000076334-18-000087	10-K	2018-08-24	2018-08-24T18:00:26.000Z	2018-06-30	2018	FY	ph630201810-k.htm	572	674d6e4662ac524bed481ce83bf56158f2d5c828f52e1a8e9feca990b85541f4	2026-09-27T09:11:32.839Z	backfill	companyfacts
0000076334-18-000119	10-Q	2018-11-07	2018-11-07T13:53:36.000Z	2018-09-30	2019	Q1	ph-10qxq19302018.htm	274	b8df53c739c54103f962cf406cc179f9824ea5d9ec2586b006a0cacae243f82c	2026-09-27T09:11:32.839Z	backfill	companyfacts
0000076334-19-000018	10-Q	2019-02-07	2019-02-07T13:39:37.000Z	2018-12-31	2019	Q2	ph-10qxq212312018.htm	339	1398e7f7bc8ded8934a79ef474fa61dd4d7bca4d655d664841089b9dd40e581f	2026-09-27T09:11:32.839Z	backfill	companyfacts
0000076334-19-000049	10-Q	2019-05-09	2019-05-09T14:46:54.000Z	2019-03-31	2019	Q3	ph-10qxq33312019.htm	341	28f34a7e2a5f1955e3106406d2c851df2b4c9af4617402a3435ec87e0479e880	2026-09-27T09:11:32.839Z	backfill	companyfacts
0000076334-19-000096	10-K	2019-08-23	2019-08-23T12:54:17.000Z	2019-06-30	2019	FY	ph630201910-k.htm	582	1dd41d480c61de99f7bcd448c8739cc0a2d71a72b9fe65979d2f67bdb697c3ee	2026-09-27T09:11:32.839Z	backfill	companyfacts
0000076334-19-000135	10-Q	2019-11-06	2019-11-06T13:42:55.000Z	2019-09-30	2020	Q1	ph-10qxq19302019.htm	303	319c9950e74b5e382f98a45cb6bb18129317d88a8ff22533c601923495104c87	2026-09-27T09:11:32.839Z	backfill	companyfacts
0000076334-20-000009	10-Q	2020-02-05	2020-02-05T13:38:07.000Z	2019-12-31	2020	Q2	ph-10qxq212312019.htm	374	7599ca0cc59eab69e30a4bb2621714cbcb6e40e80ef1081efbae26cb10a0d1ed	2026-09-27T09:11:32.839Z	backfill	companyfacts
0000076334-20-000052	10-Q	2020-05-06	2020-05-06T12:41:52.000Z	2020-03-31	2020	Q3	ph-10qxq33312020.htm	385	c283d74a68201a908d250d3af10341aa356e6a43ae1c7cc4ae0fd2851f22129b	2026-09-27T09:11:32.839Z	backfill	companyfacts
0000076334-20-000099	10-K	2020-08-26	2020-08-26T12:36:03.000Z	2020-06-30	2020	FY	ph630202010-k.htm	602	5ba99ae88be056a47661f9f6a3601906eecf4e22f6a791f5bd5a54682f0a92d1	2026-09-27T09:11:32.839Z	backfill	companyfacts
0000076334-20-000131	10-Q	2020-11-06	2020-11-06T13:27:27.000Z	2020-09-30	2021	Q1	ph-10qxq19302020.htm	266	a19c562e686d23e47fcd16e2a298e143497e97b57df16263a46e8c8e1a83592a	2026-09-27T09:11:32.839Z	backfill	companyfacts
0000076334-21-000029	10-Q	2021-02-05	2021-02-05T13:31:20.000Z	2020-12-31	2021	Q2	ph-20201231.htm	326	c6d16421e40d75744e97a46dd029984c8e3fcaac70a3908f89b8554f0c9cfd91	2026-09-27T09:11:32.839Z	backfill	companyfacts
0000076334-21-000111	10-Q	2021-05-06	2021-05-06T12:31:44.000Z	2021-03-31	2021	Q3	ph-20210331.htm	335	4fd9475df2f2ea93ddd51381782b9fa25b063bcda5abab63e88b67e4b678d64d	2026-09-27T09:11:32.839Z	backfill	companyfacts
0000076334-21-000187	10-K	2021-08-25	2021-08-25T12:39:12.000Z	2021-06-30	2021	FY	ph-20210630.htm	624	bdd49bc822b352e64f1d3d10dc648999bf72b23826ed877d065ded2dd339629f	2026-09-27T09:11:32.839Z	backfill	companyfacts
0000076334-21-000225	10-Q	2021-11-05	2021-11-05T12:21:05.000Z	2021-09-30	2022	Q1	ph-20210930.htm	270	30279e5f39a79b781b7512ad9bcd4ea682065fbb3a8ee34064de338308d406bf	2026-09-27T09:11:32.839Z	backfill	companyfacts
0000076334-22-000007	10-Q	2022-02-04	2022-02-04T13:27:51.000Z	2021-12-31	2022	Q2	ph-20211231.htm	338	cf5aeb1894e308fc45ec69ac8eeae2ab3c063605e8c0d806c9e908233a66a6c0	2026-09-27T09:11:32.839Z	backfill	companyfacts
0000076334-22-000018	10-Q	2022-05-06	2022-05-06T12:34:31.000Z	2022-03-31	2022	Q3	ph-20220331.htm	343	804d17114eaa10eb3facab1137a1ff8ff9c3ce1671da44f1434f7c3f5e859b94	2026-09-27T09:11:32.839Z	backfill	companyfacts
0000076334-22-000034	10-K	2022-08-24	2022-08-24T12:16:43.000Z	2022-06-30	2022	FY	ph-20220630.htm	578	c0df4cdde23b7191c2073631427ed294d191f4cad5d8cc382a2ddbe819dc9afe	2026-09-27T09:11:32.839Z	backfill	companyfacts
0000076334-22-000049	10-Q	2022-11-04	2022-11-04T12:12:19.000Z	2022-09-30	2023	Q1	ph-20220930.htm	282	0d6a9424a522a7867657c423b3ddc353b72cdff3dcdbd8b797b4632dba8cd641	2026-09-27T09:11:32.839Z	backfill	companyfacts
0000076334-23-000009	10-Q	2023-02-07	2023-02-07T13:03:35.000Z	2022-12-31	2023	Q2	ph-20221231.htm	347	1d9b47097b9953fa3e3e5d1a01a49ec391f599b73f285d4142e1dfd59af500a3	2026-09-27T09:11:32.839Z	backfill	companyfacts
0000076334-23-000028	10-Q	2023-05-05	2023-05-05T11:50:38.000Z	2023-03-31	2023	Q3	ph-20230331.htm	349	aa67a39fd54a9f247f2fb5d501937d265c7610d13dcaa61ffb47e915ccb2a8bb	2026-09-27T09:11:32.839Z	backfill	companyfacts
0000076334-23-000042	10-K	2023-08-24	2023-08-24T12:34:56.000Z	2023-06-30	2023	FY	ph-20230630.htm	618	e17c6282657e95564ec6f8a88768eaa485f0bd61c470b95e25a2b451cd1ff129	2026-09-27T09:11:32.839Z	backfill	companyfacts
0000076334-23-000064	10-Q	2023-11-07	2023-11-07T12:19:27.000Z	2023-09-30	2024	Q1	ph-20230930.htm	287	8b0eb0eb38dad9e2d19235e3e69f49a51b3b62f2af681bd03887ffe686154a09	2026-09-27T09:11:32.839Z	backfill	companyfacts
0000076334-24-000008	10-Q	2024-02-06	2024-02-06T12:41:18.000Z	2023-12-31	2024	Q2	ph-20231231.htm	350	530dc72fbe9ac6ab7ed70a405c2826c29900c6d4de20f79e04b7fd62edc0e787	2026-09-27T09:11:32.839Z	backfill	companyfacts
0000076334-24-000020	10-Q	2024-05-03	2024-05-03T20:11:18.000Z	2024-03-31	2024	Q3	ph-20240331.htm	351	d344add41e86e812819a7e7b00f8c53ed53459871194d607faf8e7fd3958f0f4	2026-09-27T09:11:32.839Z	backfill	companyfacts
0000076334-24-000044	10-K	2024-08-22	2024-08-22T11:27:08.000Z	2024-06-30	2024	FY	ph-20240630.htm	615	6d3485d7a9d56e1ce7cf28739491dd9157ab094e57cb02ae22202a7ef41731cf	2026-09-27T09:11:32.839Z	backfill	companyfacts
0000076334-24-000067	10-Q	2024-11-05	2024-11-05T12:12:37.000Z	2024-09-30	2025	Q1	ph-20240930.htm	287	b1043afe3689a93a26d0bc8c8f0eb4d4ae7aa6033531dd5c3edf2733afa8ef84	2026-09-27T09:11:32.839Z	backfill	companyfacts
0000076334-25-000011	10-Q	2025-01-31	2025-01-31T12:40:44.000Z	2024-12-31	2025	Q2	ph-20241231.htm	355	4f029512244c95787188506ffd814ca123ba902e789a08eec4a6bf49bd21ecf5	2026-09-27T09:11:32.839Z	backfill	companyfacts
0000076334-25-000021	10-Q	2025-05-06	2025-05-06T11:44:35.000Z	2025-03-31	2025	Q3	ph-20250331.htm	353	a7b38d83accd045cc133ce6b649ca59602e81ed609d7a541fc896673cf0976fe	2026-09-27T09:11:32.839Z	backfill	companyfacts
0000076334-25-000035	10-K	2025-08-22	2025-08-22T12:01:10.000Z	2025-06-30	2025	FY	ph-20250630.htm	618	95ffc25d7157cf130d8d49713ce9eee3f8d6af826a592b97c5d68960028921b6	2026-09-27T09:11:32.839Z	backfill	companyfacts
0000076334-25-000071	10-Q	2025-11-07	2025-11-07T12:51:15.000Z	2025-09-30	2026	Q1	ph-20250930.htm	278	bcee0d04762897023a46d84ed5c2974ecd461f81ab6e1152bc278bece8ae5be1	2026-09-27T09:11:32.839Z	backfill	companyfacts
0000076334-26-000008	10-Q	2026-01-30	2026-01-30T13:03:55.000Z	2025-12-31	2026	Q2	ph-20251231.htm	358	f3f53ebaa1517fcb3f44a7a718ea49fcbea6670c629048d1c222995485810c2d	2026-09-27T09:11:32.839Z	backfill	companyfacts
0000076334-26-000073	10-Q	2026-05-01	2026-05-01T11:57:36.000Z	2026-03-31	2026	Q3	ph-20260331.htm	366	cae32a3efc982344e61a879e1aadba7f08ef62a97aaa7fb8929fa59ceba7cd0d	2026-09-27T09:11:32.839Z	backfill	companyfacts
0000076334-26-000105	10-K	2026-08-21	2026-08-21T12:00:28.000Z	2026-06-30	2026	FY	ph-20260630.htm	619	41843a72c1b18db29b4e82e2ca1deda93fa09af4d432857e0b8b9f75fb447fc9	2026-09-27T09:11:32.839Z	backfill	companyfacts
0001308179-26-000394	DEF 14A	2026-09-18	2026-09-18T13:00:38.000Z	2026-10-28			ph-20260915.htm	30	528583161f708259b5db88e1572b115f8d953b1dc7d5b6a73b3f8eb7d29aedb9	2026-09-27T09:11:32.839Z	backfill	companyfacts
