observedAt	lib	status	bytes	sha256	new	url
2026-09-23T20:03:22.808Z		404	113	c4e37dc0885750fb3c0caa7aca18bb2e9088d4087b2c4980fe560207f59e62e7	ja	https://query2.finance.yahoo.com/v10/finance/quoteSummary/THOR.OL?formatted=false&modules=summaryDetail%2CfinancialData%2CdefaultKeyStatistics%2CsummaryProfile%2CinsiderTransactions%2CinsiderHolders%2CupgradeDowngradeHistory
2026-09-23T20:03:22.997Z		404	113	c4e37dc0885750fb3c0caa7aca18bb2e9088d4087b2c4980fe560207f59e62e7	nej	https://query2.finance.yahoo.com/v10/finance/quoteSummary/THOR.OL?formatted=false&modules=summaryDetail%2CfinancialData%2CdefaultKeyStatistics%2CsummaryProfile
2026-09-23T20:03:24.236Z		404	113	c4e37dc0885750fb3c0caa7aca18bb2e9088d4087b2c4980fe560207f59e62e7	nej	https://query2.finance.yahoo.com/v10/finance/quoteSummary/THOR.OL?formatted=false&modules=summaryDetail%2CfinancialData%2CdefaultKeyStatistics%2CsummaryProfile%2CinsiderTransactions%2CinsiderHolders%2CupgradeDowngradeHistory
2026-09-23T20:03:24.336Z		404	113	c4e37dc0885750fb3c0caa7aca18bb2e9088d4087b2c4980fe560207f59e62e7	nej	https://query2.finance.yahoo.com/v10/finance/quoteSummary/THOR.OL?formatted=false&modules=summaryDetail%2CfinancialData%2CdefaultKeyStatistics%2CsummaryProfile
2026-09-27T08:33:54.767Z		404	113	c4e37dc0885750fb3c0caa7aca18bb2e9088d4087b2c4980fe560207f59e62e7	nej	https://query2.finance.yahoo.com/v10/finance/quoteSummary/THOR.OL?formatted=false&modules=summaryDetail%2CfinancialData%2CdefaultKeyStatistics%2CsummaryProfile%2CinsiderTransactions%2CinsiderHolders%2CupgradeDowngradeHistory
2026-09-27T08:33:54.914Z		404	113	c4e37dc0885750fb3c0caa7aca18bb2e9088d4087b2c4980fe560207f59e62e7	nej	https://query2.finance.yahoo.com/v10/finance/quoteSummary/THOR.OL?formatted=false&modules=summaryDetail%2CfinancialData%2CdefaultKeyStatistics%2CsummaryProfile
2026-09-27T08:33:56.184Z		404	113	c4e37dc0885750fb3c0caa7aca18bb2e9088d4087b2c4980fe560207f59e62e7	nej	https://query2.finance.yahoo.com/v10/finance/quoteSummary/THOR.OL?formatted=false&modules=summaryDetail%2CfinancialData%2CdefaultKeyStatistics%2CsummaryProfile%2CinsiderTransactions%2CinsiderHolders%2CupgradeDowngradeHistory
2026-09-27T08:33:56.275Z		404	113	c4e37dc0885750fb3c0caa7aca18bb2e9088d4087b2c4980fe560207f59e62e7	nej	https://query2.finance.yahoo.com/v10/finance/quoteSummary/THOR.OL?formatted=false&modules=summaryDetail%2CfinancialData%2CdefaultKeyStatistics%2CsummaryProfile
2026-09-28T18:12:08.442Z		404	113	c4e37dc0885750fb3c0caa7aca18bb2e9088d4087b2c4980fe560207f59e62e7	nej	https://query2.finance.yahoo.com/v10/finance/quoteSummary/THOR.OL?formatted=false&modules=summaryDetail%2CfinancialData%2CdefaultKeyStatistics%2CsummaryProfile%2CinsiderTransactions%2CinsiderHolders%2CupgradeDowngradeHistory
2026-09-28T18:12:08.571Z		404	113	c4e37dc0885750fb3c0caa7aca18bb2e9088d4087b2c4980fe560207f59e62e7	nej	https://query2.finance.yahoo.com/v10/finance/quoteSummary/THOR.OL?formatted=false&modules=summaryDetail%2CfinancialData%2CdefaultKeyStatistics%2CsummaryProfile
2026-09-28T18:12:09.766Z		404	113	c4e37dc0885750fb3c0caa7aca18bb2e9088d4087b2c4980fe560207f59e62e7	nej	https://query2.finance.yahoo.com/v10/finance/quoteSummary/THOR.OL?formatted=false&modules=summaryDetail%2CfinancialData%2CdefaultKeyStatistics%2CsummaryProfile%2CinsiderTransactions%2CinsiderHolders%2CupgradeDowngradeHistory
2026-09-28T18:12:09.873Z		404	113	c4e37dc0885750fb3c0caa7aca18bb2e9088d4087b2c4980fe560207f59e62e7	nej	https://query2.finance.yahoo.com/v10/finance/quoteSummary/THOR.OL?formatted=false&modules=summaryDetail%2CfinancialData%2CdefaultKeyStatistics%2CsummaryProfile
2026-09-29T09:00:34.018Z		404	113	c4e37dc0885750fb3c0caa7aca18bb2e9088d4087b2c4980fe560207f59e62e7	nej	https://query2.finance.yahoo.com/v10/finance/quoteSummary/THOR.OL?formatted=false&modules=summaryDetail%2CfinancialData%2CdefaultKeyStatistics%2CsummaryProfile%2CinsiderTransactions%2CinsiderHolders%2CupgradeDowngradeHistory
2026-09-29T09:00:34.254Z		404	113	c4e37dc0885750fb3c0caa7aca18bb2e9088d4087b2c4980fe560207f59e62e7	nej	https://query2.finance.yahoo.com/v10/finance/quoteSummary/THOR.OL?formatted=false&modules=summaryDetail%2CfinancialData%2CdefaultKeyStatistics%2CsummaryProfile
2026-09-29T09:00:35.053Z		404	113	c4e37dc0885750fb3c0caa7aca18bb2e9088d4087b2c4980fe560207f59e62e7	nej	https://query2.finance.yahoo.com/v10/finance/quoteSummary/THOR.OL?formatted=false&modules=summaryDetail%2CfinancialData%2CdefaultKeyStatistics%2CsummaryProfile%2CinsiderTransactions%2CinsiderHolders%2CupgradeDowngradeHistory
2026-09-29T09:00:35.148Z		404	113	c4e37dc0885750fb3c0caa7aca18bb2e9088d4087b2c4980fe560207f59e62e7	nej	https://query2.finance.yahoo.com/v10/finance/quoteSummary/THOR.OL?formatted=false&modules=summaryDetail%2CfinancialData%2CdefaultKeyStatistics%2CsummaryProfile
2026-10-03T09:26:23.787Z		404	113	c4e37dc0885750fb3c0caa7aca18bb2e9088d4087b2c4980fe560207f59e62e7	nej	https://query2.finance.yahoo.com/v10/finance/quoteSummary/THOR.OL?formatted=false&modules=summaryDetail%2CfinancialData%2CdefaultKeyStatistics%2CsummaryProfile%2CinsiderTransactions%2CinsiderHolders%2CupgradeDowngradeHistory
2026-10-03T09:26:23.879Z		404	113	c4e37dc0885750fb3c0caa7aca18bb2e9088d4087b2c4980fe560207f59e62e7	nej	https://query2.finance.yahoo.com/v10/finance/quoteSummary/THOR.OL?formatted=false&modules=summaryDetail%2CfinancialData%2CdefaultKeyStatistics%2CsummaryProfile
2026-10-03T09:26:24.823Z		404	113	c4e37dc0885750fb3c0caa7aca18bb2e9088d4087b2c4980fe560207f59e62e7	nej	https://query2.finance.yahoo.com/v10/finance/quoteSummary/THOR.OL?formatted=false&modules=summaryDetail%2CfinancialData%2CdefaultKeyStatistics%2CsummaryProfile%2CinsiderTransactions%2CinsiderHolders%2CupgradeDowngradeHistory
2026-10-03T09:26:24.931Z		404	113	c4e37dc0885750fb3c0caa7aca18bb2e9088d4087b2c4980fe560207f59e62e7	nej	https://query2.finance.yahoo.com/v10/finance/quoteSummary/THOR.OL?formatted=false&modules=summaryDetail%2CfinancialData%2CdefaultKeyStatistics%2CsummaryProfile
