firstSeen	startDate	filerName	filerRelation	transactionText	shares	value	ownership
2026-10-03T09:11:07.706Z	2026-09-02	Artemis Investment Management Ltd			21339124		D
2026-10-03T09:11:07.706Z	2026-08-27	Freudmann (Alex)		Bought at price 5.29 per share.	38	200	D
2026-10-03T09:11:07.706Z	2026-08-27	Berendji (Sacha)		Bought at price 5.29 per share.	39	206	D
2026-10-03T09:11:07.706Z	2026-07-27	Berendji (Sacha)		Bought at price 5.19 per share.	38	197	D
2026-10-03T09:11:07.706Z	2026-07-27	Freudmann (Alex)		Bought at price 5.19 per share.	39	202	D
2026-10-03T09:11:07.706Z	2026-07-23	Lemming (M)		Sold at price 5.05 per share.	82997	419466	D
2026-10-03T09:11:07.706Z	2026-07-22	Freudmann (Alex)		Sold at price 5.32 per share.	270000	1436940	D
2026-10-03T09:11:07.706Z	2026-07-22	Berendji (Sacha)		Sold at price 5.32 per share.	300000	1596600	D
2026-10-03T09:11:07.706Z	2026-07-10	Berendji (Sacha)		Bought at price 5.05 per share.	4806	24289	D
2026-10-03T09:11:07.706Z	2026-07-10	Freudmann (Alex)		Bought at price 5.03 per share.	13	65	D
2026-10-03T09:11:07.706Z	2026-07-08	Freudmann (Alex)			507035		D
2026-10-03T09:11:07.706Z	2026-07-08	Freudmann (Alex)			55574		D
2026-10-03T09:11:07.706Z	2026-07-08	Freudmann (Alex)		Sold at price 5.14 per share.	266048	1367486	D
2026-10-03T09:11:07.706Z	2026-07-08	Berendji (Sacha)			409091		D
2026-10-03T09:11:07.706Z	2026-07-08	Berendji (Sacha)			144257		D
2026-10-03T09:11:07.706Z	2026-07-08	Berendji (Sacha)		Sold at price 5.14 per share.	337710	1735829	D
2026-10-03T09:11:07.706Z	2026-07-08	Lemming (M)			152320		D
2026-10-03T09:11:07.706Z	2026-07-08	Lemming (M)			107425		D
2026-10-03T09:11:07.706Z	2026-07-08	Lemming (M)		Sold at price 5.14 per share.	179455	922398	D
2026-10-03T09:11:07.706Z	2026-07-08	Machin (Stuart)			845061		D
2026-10-03T09:11:07.706Z	2026-07-08	Machin (Stuart)			340015		D
2026-10-03T09:11:07.706Z	2026-07-08	Machin (Stuart)			560402		D
2026-10-03T09:11:07.706Z	2026-06-29	Berendji (Sacha)		Bought at price 4.96 per share.	40	198	D
2026-10-03T09:11:07.706Z	2026-06-29	Freudmann (Alex)		Bought at price 4.96 per share.	40	198	D
2026-10-03T09:11:07.706Z	2026-05-27	Freudmann (Alex)		Bought at price 4.83 per share.	41	198	D
2026-10-03T09:11:07.706Z	2026-05-27	Berendji (Sacha)		Bought at price 4.83 per share.	42	203	D
2026-10-03T09:11:07.706Z	2026-05-22	Dolan (Alison)		Sold at price 4.82 per share.	85000	409700	D
2026-10-03T09:11:07.706Z	2026-05-19	Doyle (Sean Liam)			0		D
2026-10-03T09:11:07.706Z	2026-05-19	Dunne (Ronan)			0		D
2026-10-03T09:11:07.706Z	2026-05-19	Ingram (Tamara)			0		D
2026-10-03T09:11:07.706Z	2026-05-19	King (Justin Matthew)			0		D
2026-10-03T09:11:07.706Z	2026-05-19	Bourke (Evelyn)			0		D
2026-10-03T09:11:07.706Z	2026-05-19	Burnley (Roger)			0		D
2026-10-03T09:11:07.706Z	2026-05-19	Dawson (Fiona)			0		D
2026-10-03T09:11:07.706Z	2026-05-19	Norges Bank			0		D
2026-10-03T09:11:07.706Z	2026-05-19	Norman (Archie)			0		D
2026-10-03T09:11:07.706Z	2026-05-19	Potter (Cheryl)			0		D
2026-10-03T09:11:07.706Z	2026-05-19	RWC Asset Management LLP			0		D
2026-10-03T09:11:07.706Z	2026-05-19	Schroder Investment Management, Ltd.			0		D
2026-10-03T09:11:07.706Z	2026-05-19	Sood (Sapna)			0		D
2026-10-03T09:11:07.706Z	2026-04-27	Norges Bank			6022895		D
2026-10-03T09:11:07.706Z	2026-04-27	Freudmann (Alex)		Bought at price 4.63 per share.	44	203	D
2026-10-03T09:11:07.706Z	2026-04-27	Berendji (Sacha)		Bought at price 4.63 per share.	44	203	D
2026-10-03T09:11:07.706Z	2026-03-28	Bourke (Evelyn)			0		D
2026-10-03T09:11:07.706Z	2026-03-28	Burnley (Roger)			0		D
2026-10-03T09:11:07.706Z	2026-03-28	Dawson (Fiona)			0		D
2026-10-03T09:11:07.706Z	2026-03-28	Ingram (Tamara)			0		D
2026-10-03T09:11:07.706Z	2026-03-28	King (Justin Matthew)			0		D
2026-10-03T09:11:07.706Z	2026-03-28	Doyle (Sean Liam)			0		D
2026-10-03T09:11:07.706Z	2026-03-28	Dunne (Ronan)			0		D
2026-10-03T09:11:07.706Z	2026-03-28	Norman (Archie)			0		D
2026-10-03T09:11:07.706Z	2026-03-28	Potter (Cheryl)			0		D
2026-10-03T09:11:07.706Z	2026-03-28	Marks & Spencer Employee Benefit Trust			0		D
2026-10-03T09:11:07.706Z	2026-03-28	Sood (Sapna)			0		D
2026-10-03T09:11:07.706Z	2026-03-27	Freudmann (Alex)		Bought at price 4.31 per share.	47	202	D
2026-10-03T09:11:07.706Z	2026-03-27	Berendji (Sacha)		Bought at price 4.31 per share.	46	198	D
2026-10-03T09:11:07.706Z	2026-03-23	Dolan (Alison)			161385		D
2026-10-03T09:11:07.706Z	2026-03-23	Dolan (Alison)		Sold at price 4.32 per share.	76385	330288	D
2026-10-03T09:11:07.706Z	2026-02-27	Freudmann (Alex)		Bought at price 5.30 per share.	38	201	D
2026-10-03T09:11:07.706Z	2026-02-27	Berendji (Sacha)		Bought at price 5.30 per share.	38	201	D
2026-10-03T09:11:07.706Z	2026-02-18	Norges Bank			794615		D
2026-10-03T09:11:07.706Z	2026-02-17	Machin (Stuart)		Sold at price 5.48 per share.	150000	822150	D
2026-10-03T09:11:07.706Z	2026-02-02	Lemming (M)		Exercise of Option at price 1.35 per share.	8800	11906	D
2026-10-03T09:11:07.706Z	2026-02-02	Lemming (M)		Sold at price 5.03 per share.	8800	44246	D
2026-10-03T09:11:07.706Z	2026-01-28	Norges Bank			4106252		D
2026-10-03T09:11:07.706Z	2026-01-27	Berendji (Sacha)		Bought at price 4.98 per share.	42	209	D
2026-10-03T09:11:07.706Z	2026-01-27	Freudmann (Alex)		Bought at price 4.98 per share.	41	204	D
2026-10-03T09:11:07.706Z	2026-01-09	Freudmann (Alex)		Bought at price 4.72 per share.	4	18	D
2026-10-03T09:11:07.706Z	2026-01-09	Berendji (Sacha)		Bought at price 4.74 per share.	2044	9694	D
2026-10-03T09:11:07.706Z	2025-12-29	Berendji (Sacha)		Bought at price 4.34 per share.	46	199	D
2026-10-03T09:11:07.706Z	2025-12-29	Freudmann (Alex)		Bought at price 4.34 per share.	47	203	D
2026-10-03T09:11:07.706Z	2025-12-09	Freudmann (Alex)			792316		D
2026-10-03T09:11:07.706Z	2025-12-09	Freudmann (Alex)		Sold at price 4.28 per share.	375007	1605404	D
2026-10-03T09:11:07.706Z	2025-12-03	Doyle (Sean Liam)		Bought at price 4.46 per share.	2526	11265	D
2026-10-03T09:11:07.706Z	2025-12-01	Freudmann (Alex)		Sold at price 4.57 per share.	36034	164675	D
2026-10-03T09:11:07.706Z	2025-11-27	Freudmann (Alex)		Bought at price 4.61 per share.	43	198	D
2026-10-03T09:11:07.706Z	2025-11-27	Berendji (Sacha)		Bought at price 4.61 per share.	44	202	D
2026-10-03T09:11:07.706Z	2025-11-12	Berendji (Sacha)		Sold at price 4.84 per share.	193819	939053	D
2026-10-03T09:11:07.706Z	2025-10-27	Berendji (Sacha)		Bought at price 5.47 per share.	36	196	D
2026-10-03T09:11:07.706Z	2025-10-27	Freudmann (Alex)		Bought at price 5.47 per share.	37	202	D
2026-10-03T09:11:07.706Z	2025-09-29	Freudmann (Alex)		Bought at price 4.82 per share.	42	202	D
2026-10-03T09:11:07.706Z	2025-09-29	Berendji (Sacha)		Bought at price 4.82 per share.	42	202	D
2026-10-03T09:11:07.706Z	2025-08-27	Berendji (Sacha)		Bought at price 4.79 per share.	42	201	D
2026-10-03T09:11:07.706Z	2025-08-27	Freudmann (Alex)		Bought at price 4.79 per share.	42	201	D
2026-10-03T09:11:07.706Z	2025-07-28	Freudmann (Alex)		Bought at price 4.66 per share.	43	200	D
2026-10-03T09:11:07.706Z	2025-07-28	Berendji (Sacha)		Bought at price 4.66 per share.	43	200	D
2026-10-03T09:11:07.706Z	2025-07-17	Berendji (Sacha)			857597		D
2026-10-03T09:11:07.706Z	2025-07-17	Berendji (Sacha)		Sold at price 4.47 per share.	414600	1852018	D
2026-10-03T09:11:07.706Z	2025-07-17	Dolan (Alison)			241251		D
2026-10-03T09:11:07.706Z	2025-07-17	Dolan (Alison)		Sold at price 4.47 per share.	116632	520995	D
2026-10-03T09:11:07.706Z	2025-07-17	Lemming (M)			273287		D
2026-10-03T09:11:07.706Z	2025-07-17	Lemming (M)		Sold at price 4.47 per share.	132120	590180	D
2026-10-03T09:11:07.706Z	2025-07-17	Machin (Stuart)			1725020		D
2026-10-03T09:11:07.706Z	2025-07-17	Machin (Stuart)		Sold at price 4.47 per share.	833949	3725250	D
2026-10-03T09:11:07.706Z	2025-07-04	Freudmann (Alex)		Bought at price 4.70 per share.	8	37	D
2026-10-03T09:11:07.706Z	2025-07-04	Berendji (Sacha)		Bought at price 4.70 per share.	4956	23273	D
2026-10-03T09:11:07.706Z	2025-06-27	Berendji (Sacha)		Bought at price 4.90 per share.	43	210	D
2026-10-03T09:11:07.706Z	2025-06-27	Freudmann (Alex)		Bought at price 4.90 per share.	42	205	D
2026-10-03T09:11:07.706Z	2025-06-20	Berendji (Sacha)		Sold at price 4.88 per share.	300000	1464600	D
2026-10-03T09:11:07.706Z	2025-05-27	Berendji (Sacha)		Bought at price 5.10 per share.	39	199	D
2026-10-03T09:11:07.706Z	2025-05-27	Freudmann (Alex)		Bought at price 5.10 per share.	40	204	D
2026-10-03T09:11:07.706Z	2025-05-27	Dawson (Fiona)		Bought at price 5.10 per share.	5258	26836	D
2026-10-03T09:11:07.706Z	2025-05-27	Dawson (Fiona)		Bought at price 5.10 per share.	1314	6706	D
2026-10-03T09:11:07.706Z	2025-05-20	Bourke (Evelyn)			0		D
2026-10-03T09:11:07.706Z	2025-05-20	Dawson (Fiona)			0		D
2026-10-03T09:11:07.706Z	2025-05-20	Dunne (Ronan)			0		D
2026-10-03T09:11:07.706Z	2025-05-20	Ingram (Tamara)			0		D
2026-10-03T09:11:07.706Z	2025-05-20	King (Justin Matthew)			0		D
2026-10-03T09:11:07.706Z	2025-05-20	Sood (Sapna)			0		D
2026-10-03T09:11:07.706Z	2025-05-20	Norman (Archie)			0		D
2026-10-03T09:11:07.706Z	2025-05-20	Potter (Cheryl)			0		D
2026-10-03T09:11:07.706Z	2025-04-28	Berendji (Sacha)		Bought at price 5.07 per share.	40	202	D
2026-10-03T09:11:07.706Z	2025-04-28	Freudmann (Alex)		Bought at price 5.07 per share.	39	197	D
2026-10-03T09:11:07.706Z	2025-03-29	Dunne (Ronan)			0		D
2026-10-03T09:11:07.706Z	2025-03-29	Ingram (Tamara)			0		D
2026-10-03T09:11:07.706Z	2025-03-29	King (Justin Matthew)			0		D
2026-10-03T09:11:07.706Z	2025-03-29	Bourke (Evelyn)			0		D
2026-10-03T09:11:07.706Z	2025-03-29	Dawson (Fiona)			0		D
2026-10-03T09:11:07.706Z	2025-03-29	Norman (Archie)			0		D
2026-10-03T09:11:07.706Z	2025-03-29	Potter (Cheryl)			0		D
2026-10-03T09:11:07.706Z	2025-03-29	Marks & Spencer Employee Benefit Trust			0		D
2026-10-03T09:11:07.706Z	2025-03-29	RWC Asset Management LLP			0		D
2026-10-03T09:11:07.706Z	2025-03-29	Schroder Investment Management, Ltd.			0		D
2026-10-03T09:11:07.706Z	2025-03-29	Sood (Sapna)			0		D
2026-10-03T09:11:07.706Z	2025-03-27	Freudmann (Alex)		Bought at price 4.48 per share.	44	197	D
2026-10-03T09:11:07.706Z	2025-03-27	Berendji (Sacha)		Bought at price 4.48 per share.	43	192	D
2026-10-03T09:11:07.706Z	2025-02-27	Berendji (Sacha)		Bought at price 4.46 per share.	43	191	D
2026-10-03T09:11:07.706Z	2025-02-27	Freudmann (Alex)		Bought at price 4.46 per share.	42	187	D
2026-10-03T09:11:07.706Z	2025-01-27	Freudmann (Alex)		Bought at price 4.04 per share.	47	189	D
2026-10-03T09:11:07.706Z	2025-01-27	Berendji (Sacha)		Bought at price 4.04 per share.	46	185	D
2026-10-03T09:11:07.706Z	2025-01-10	Berendji (Sacha)		Bought at price 4.12 per share.	25	103	D
2026-10-03T09:11:07.706Z	2025-01-10	Berendji (Sacha)		Bought at price 4.19 per share.	1879	7865	D
2026-10-03T09:11:07.706Z	2025-01-10	Freudmann (Alex)		Bought at price 4.12 per share.	2	8	D
2026-10-03T09:11:07.706Z	2024-12-27	Freudmann (Alex)		Bought at price 4.79 per share.	39	186	D
2026-10-03T09:11:07.706Z	2024-12-27	Berendji (Sacha)		Bought at price 4.79 per share.	39	186	D
2026-10-03T09:11:07.706Z	2024-11-27	Berendji (Sacha)		Bought at price 4.84 per share.	40	193	D
2026-10-03T09:11:07.706Z	2024-11-27	Freudmann (Alex)		Bought at price 4.84 per share.	39	188	D
2026-10-03T09:11:07.706Z	2024-10-28	Freudmann (Alex)		Bought at price 4.94 per share.	40	197	D
2026-10-03T09:11:07.706Z	2024-10-28	Berendji (Sacha)		Bought at price 4.94 per share.	39	192	D
2026-10-10T08:33:53.071Z	2026-09-28	Freudmann (Alex)		Bought at price 5.06 per share.	40	202	D
2026-10-10T08:33:53.071Z	2026-09-28	Berendji (Sacha)		Bought at price 5.06 per share.	39	197	D
