firstSeen	ticker	cvr	source
2026-09-27T11:48:51.977Z	AAB.CO	10998530	curated
2026-09-27T11:48:51.977Z	AMBU-B.CO	63644919	curated
2026-09-27T11:48:51.977Z	BAVA.CO	16271187	curated
2026-09-27T11:48:51.977Z	CARL-B.CO	61056416	curated
2026-09-27T11:48:51.977Z	CBRAIN.CO	24233359	curated
2026-09-27T11:48:51.977Z	CHEMM.CO	19828131	curated
2026-09-27T11:48:51.977Z	COLO-B.CO	69749917	curated
2026-09-27T11:48:51.977Z	DEMANT.CO	71186911	curated
2026-09-27T11:48:51.977Z	DNORD.CO	67758919	curated
2026-09-27T11:48:51.977Z	DSV.CO	58233528	curated
2026-09-27T11:48:51.977Z	GMAB.CO	21023884	curated
2026-09-27T11:48:51.977Z	GN.CO	24257843	curated
2026-09-27T11:48:51.977Z	GUBRA.CO	30514041	curated
2026-09-27T11:48:51.977Z	HARB-B.CO	43910515	curated
2026-09-27T11:48:51.977Z	IG.CO	43891871	curated
2026-09-27T11:48:51.977Z	MAERSK-B.CO	22756214	curated
2026-09-27T11:48:51.977Z	NETC.CO	39488914	curated
2026-09-27T11:48:51.977Z	NKT.CO	62725214	curated
2026-09-27T11:48:51.977Z	NOVO-B.CO	24256790	curated
2026-09-27T11:48:51.977Z	ORSTED.CO	36213728	curated
2026-09-27T11:48:51.977Z	PARKEN.CO	15107707	curated
2026-09-27T11:48:51.977Z	PNDORA.CO	28505116	curated
2026-09-27T11:48:51.977Z	RBREW.CO	41956712	curated
2026-09-27T11:48:51.977Z	ROCK-B.CO	54879415	curated
2026-09-27T11:48:51.977Z	TRYG.CO	26460212	curated
2026-09-27T11:48:51.977Z	VWS.CO	10403782	curated
2026-09-27T11:48:51.977Z	ZEAL.CO	20045078	curated
2026-10-03T09:34:01.043Z	ALSYDB.CO	12626509	gleif
2026-10-03T09:34:01.043Z	DANSKE.CO	61126228	curated
2026-10-03T09:34:01.043Z	FLS.CO	58180912	gleif
2026-10-03T09:34:01.043Z	ISS.CO	28504799	curated
2026-10-03T09:34:01.043Z	JYSK.CO	17616617	gleif
2026-10-03T09:34:01.043Z	MAERSK-A.CO	22756214	curated
2026-10-03T09:34:01.043Z	NSIS-B.CO	10007127	curated
